Nama Kota;Luas Panen 2010;Luas Panen 2011;Luas Panen 2012;Luas Panen 2013;Luas Panen 2014;Luas Panen 2015;Luas Panen 2016;Luas Panen 2017;Luas Panen 2018;Luas Panen 2019;Luas Panen 2020;Luas Panen 2021;Luas Panen 2022;Luas Panen 2023;Luas Panen 2024;Produksi 2010;Produksi 2011;Produksi 2012;Produksi 2013;Produksi 2014;Produksi 2015;Produksi 2016;Produksi 2017;Produksi 2018;Produksi 2019;Produksi 2020;Produksi 2021;Produksi 2022;Produksi 2023;Produksi 2024;Produktivitas 2010;Produktivitas 2011;Produktivitas 2012;Produktivitas 2013;Produktivitas 2014;Produktivitas 2015;Produktivitas 2016;Produktivitas 2017;Produktivitas 2018;Produktivitas 2019;Produktivitas 2020;Produktivitas 2021;Produktivitas 2022;Produktivitas 2023;Produktivitas 2024
1101 - Kab. Simeulue;0;0;0;0;0;0;0;1;0;0;0;0;0;0;0;0;0;0;0;0;0;0;0;0;0;0;0;0;0;0;0;0;0;0;0;0;0;0;0;0;0;0;0;0;0
1102 - Kab. Aceh Singkil;0;1;0;0;0;4;2;0;0;2;2;1;12;0;0;0;0;0;0;0;0;0;0;0;2;1.6;0.8;19.99463323;0;0;0;0;0;0;0;0;0;0;0;10;8;8;16.66;0;0
1103 - Kab. Aceh Selatan;83;92;104;124;0;29;39;22;18.8;18;25;36;93.2;0;0;0;0;0;0;0;0;0;0;19;19;26.1;20.5;163.8915016;0;0;0;0;0;0;0;0;0;0;10.10638298;10.55555556;10.44;5.694444444;17.58;0;0
1104 - Kab. Aceh Tenggara;22;47;44;32;0;15;4;1.5;3;1;0;0;0;0;0;0;0;0;0;0;0;0;0;2;1;0;0;0;0;0;0;0;0;0;0;0;0;0;6.666666667;10;0;0;0;0;0
1105 - Kab. Aceh Timur;159;191;66;96;0;20;15;13.9;5.9;1.9;190;80;0;0;0;0;0;0;0;0;0;0;0;6;2;190;80;0;0;0;0;0;0;0;0;0;0;0;10.16949153;10.52631579;10;10;0;0;0
1106 - Kab. Aceh Tengah;0;0;0;0;0;0;0;0;0;0;0;0;1;0;0;0;0;0;0;0;0;0;0;0;0;0;0;1.555941053;0;0;0;0;0;0;0;0;0;0;0;0;0;0;15.56;0;0
1107 - Kab. Aceh Barat;7;22;18;16;0;4;1;3;3;2;0;0;213.5;0;0;0;0;0;0;0;0;0;0;3;2;0;0;339.6361532;0;0;0;0;0;0;0;0;0;0;10;10;0;0;15.91;0;0
1108 - Kab. Aceh Besar;78;148;114;97;0;737;153.3;45.2;48.5;95.8;14.8;12.8;100.7;0;0;0;0;0;0;0;0;0;0;48.5;87;35.5;9.5;159.1700635;0;0;0;0;0;0;0;0;0;0;10;9.081419624;23.98648649;7.421875;15.81;0;0
1109 - Kab. Aceh Pidie;92;124;208;89;0;324;609.5;273.5;167.1;330.8;195.4;67.7;447.5;0;0;0;0;0;0;0;0;0;0;242.6;412.1;256.1;83.8;716.2404303;0;0;0;0;0;0;0;0;0;0;14.51825254;12.45767836;13.10644831;12.37813885;16.01;0;0
1110 - Kab. Bireun;177;418;447;139;0;220;191.8;146.2;28.7;20.7;5.8;11;53;0;0;0;0;0;0;0;0;0;0;30.5;23.4;7.2;17.1;81.83886362;0;0;0;0;0;0;0;0;0;0;10.6271777;11.30434783;12.4137931;15.54545455;15.44;0;0
1111 - Kab. Aceh Utara;112;123;79;37;0;54;46.5;36;46.6;28;39;36.1;88;0;0;0;0;0;0;0;0;0;0;31;24.4;30.2;33.6;142.1049911;0;0;0;0;0;0;0;0;0;0;6.652360515;8.714285714;7.743589744;9.307479224;16.15;0;0
1112 - Kab. Aceh Barat Daya;29;18;14;3;0;0;0;0;9;8;3;11;47.7;0;0;0;0;0;0;0;0;0;0;9;8;2.5;8;77.64614187;0;0;0;0;0;0;0;0;0;0;10;10;8.333333333;7.272727273;16.28;0;0
1113 - Kab. Gayo Lues;5;11;2;1;0;0;0;0;1;0;0;0.5;10.5;0;0;0;0;0;0;0;0;0;0;1;0;0;0.5;17.03712015;0;0;0;0;0;0;0;0;0;0;10;0;0;10;16.23;0;0
1114 - Kab. Aceh Tamiang;55;51;38;71;0;32;25;24.9;15.9;18;13;18.9;10;0;0;0;0;0;0;0;0;0;0;16;18;6.6;11.6;16.73047591;0;0;0;0;0;0;0;0;0;0;10.06289308;10;5.076923077;6.137566138;16.73;0;0
1115 - Kab. Aceh Jaya;123;12;12;19;0;7;12;6;8;4;3;2;49.3;0;0;0;0;0;0;0;0;0;0;8;4;3.3;3;65.17383254;0;0;0;0;0;0;0;0;0;0;10;10;11;15;13.22;0;0
1116 - Kab. Nagan Raya;18;66;83;110;0;42;33;31;29;25.4;45;22;51;0;0;0;0;0;0;0;0;0;0;28;25.5;35.5;32.7;78.31124719;0;0;0;0;0;0;0;0;0;0;9.655172414;10.03937008;7.888888889;14.86363636;15.36;0;0
1117 - Kab. Bener Meriah;19;3;5;0;0;0;0;0;0;0;0;0;9.9;0;0;0;0;0;0;0;0;0;0;0;0;0;0;15.30172842;0;0;0;0;0;0;0;0;0;0;0;0;0;0;15.46;0;0
1118 - Kab. Pidie Jaya;0;79;83;24;0;22;7.9;11;17.7;14;12;9;62.8;0;0;0;0;0;0;0;0;0;0;21.5;13.4;10.6;8.8;95.76374534;0;0;0;0;0;0;0;0;0;0;12.14689266;9.571428571;8.833333333;9.777777778;15.25;0;0
1171 - Kota Banda Aceh;0;0;0;0;0;0;0;0;0;0;0;0;0;0;0;0;0;0;0;0;0;0;0;0;0;0;0;0;0;0;0;0;0;0;0;0;0;0;0;0;0;0;0;0;0
1172 - Kota Sabang;3;5;5;5;0;0;3;0;0;0;0;0;15;0;0;0;0;0;0;0;0;0;0;0;0;0;0;23.04061036;0;0;0;0;0;0;0;0;0;0;0;0;0;0;15.36;0;0
1173 - Kota Lhokseumawe;0;13;18;18;0;0;0;2;0;0;0;0;0;0;0;0;0;0;0;0;0;0;0;0;0;0;0;0;0;0;0;0;0;0;0;0;0;0;0;0;0;0;0;0;0
1174 - Kota Langsa;4;0;0;0;0;0;0;0;0;0;1;0;1;0;0;0;0;0;0;0;0;0;0;0;0;0.8;0;1.292481932;0;0;0;0;0;0;0;0;0;0;0;0;8;0;12.92;0;0
1175 - Kota Subulussalam;0;29;31;22;0;12;10.9;11;19;18;21;17;19;0;0;0;0;0;0;0;0;0;0;19;18;23;18;29.07705306;0;0;0;0;0;0;0;0;0;0;10;10;10.95238095;10.58823529;15.3;0;0
1201 - Kab. Nias;11;4;2;0;0;0;0;0;0.1;3;0;2;0.5;0;0;11;4;2;0;0;0;0;0;0.1;3;0;1.2;0.4;0;0;10.21;10.5;10.53;0;0;0;0;0;0;0;0;0;0;0;0
1202 - Kab. Mandailing Natal;22;38;39;25;21;16;19;0;42;89;131;81;74.5;0;0;23;40;41;27;22;17;20.67;0;42;89;123;81.2;55.5;0;0;10.3;10.52;10.59;10.69;10.48;10.78;10.87894737;0;0;0;0;0;0;0;0
1203 - Kab. Tapanuli Selatan;118;162;130;107;114;85;83.5;0;80.3;72;68;78.7;60.7;0;0;122;171;139;115;116;90;86.576;0;81.5;59;72.5;67.2;50.7;0;0;10.35;10.57;10.67;10.73;10.18;10.56;10.36838323;0;0;0;0;0;0;0;0
1204 - Kab. Tapanuli Tengah;359;320;292;195;167;43;15;0;0;0;0;0;0;0;0;374;339;310;208;179;46;15.28;0;0;0;0;0;0;0;0;10.42;10.59;10.61;10.64;10.72;10.65;10.18666667;0;0;0;0;0;0;0;0
1205 - Kab. Tapanuli Utara;1;2;0;0;0;1;0;0;5;0;0;0;0;0;0;1;2;0;0;0;1;0;0;6;0;0;0;0;0;0;10.32;10.47;0;0;0;10;0;0;0;0;0;0;0;0;0
1206 - Kab. Toba Samosir;0;0;0;0;0;1;0;0;0;0;0;0;0;0;0;0;0;0;0;0;1;0;0;0;0;0;0;0;0;0;0;0;0;0;0;10;0;0;0;0;0;0;0;0;0
1207 - Kab. Labuhan Batu;1;6;9;1;1;1;0;0;0;2;0;11;0;0;0;1;6;10;1;1;1;0;0;0;2;0;10.8;0;0;0;10.55;10.76;10.76;10.76;10;10;0;0;0;0;0;0;0;0;0
1208 - Kab. Asahan;200;182;196;117;136;137;136.3;0;65;82;64;37.5;4;0;0;211;195;212;128;150;149;154.2016;0;77.6;93.1;74.3;44.4;4.8;0;0;10.53;10.72;10.82;10.92;11.03;10.88;11.31339692;0;0;0;0;0;0;0;0
1209 - Kab. Simalungun;367;276;298;203;204;262;48.8;0;77;62.7;40;0;8.2;0;0;398;305;333;229;235;325;61.1886;0;77;62.7;44;0;10.2;0;0;10.85;11.04;11.18;11.29;11.52;12.42;12.53864754;0;0;0;0;0;0;0;0
1210 - Kab. Dairi;0;12;0;0;0;2;0;0;1;0;0;0;0;0;0;0;13;0;0;0;2;0;0;1;0;0;0;0;0;0;0;10.45;0;0;0;10;0;0;0;0;0;0;0;0;0
1211 - Kab. Karo;10;10;10;0;0;3;14.7;0;0;0;0;0;0;0;0;10;11;11;0;0;3;14.7;0;0;0;0;0;0;0;0;10.38;11;10.92;0;0;10;10;0;0;0;0;0;0;0;0
1212 - Kab. Deli Serdang;317;347;268;144;117;397;120.1;0;291.6;113.1;58;163;28;0;0;351;388;301;165;140;462;146.4256;0;189.2;134;87;179;20;0;0;11.07;11.19;11.23;11.43;11.97;11.65;12.19197336;0;0;0;0;0;0;0;0
1213 - Kab. Langkat;743;694;872;616;796;922;624.1;0;558;747.3;341.5;369.3;389.6;0;0;834;772;983;699;901;1078;724.4;0;473.1;757;342.3;360.3;352.4;0;0;11.22;11.12;11.27;11.35;11.32;11.69;11.60711424;0;0;0;0;0;0;0;0
1214 - Kab. Nias Selatan;90;81;215;87;264;148;149;0;18;15;21;13;5;0;0;92;83;221;91;318;155;164.606;0;18;26;15;18;2.5;0;0;10.21;10.25;10.28;10.51;12.05;10.5;11.04738255;0;0;0;0;0;0;0;0
1215 - Kab. Humbang Hasundutan;1;0;0;0;0;0;0;0;0;0;0;0;0;0;0;1;0;0;0;0;0;0;0;0;0;0;0;0;0;0;10.35;0;0;0;0;0;0;0;0;0;0;0;0;0;0
1216 - Kab. PakPak Bharat;0;0;0;0;0;0;0;0;0;0;0;0;0;0;0;0;0;0;0;0;0;0;0;0;0;0;0;0;0;0;0;0;0;0;0;0;0;0;0;0;0;0;0;0;0
1217 - Kab. Serdang Bedagai;76;53;260;15;133;212;0;0;149.2;542;312.6;187.3;370;0;0;84;60;299;17;150;231;0;0;248;556;599;226.3;516;0;0;11.05;11.24;11.5;11.35;11.28;10.9;0;0;0;0;0;0;0;0;0
1218 - Kab. Samosir;6;0;0;0;0;0;350.6;0;0;0;0;0;0;0;0;6;0;0;0;0;0;403.5104;0;0;0;0;0;0;0;0;10.34;0;0;0;0;0;11.50913862;0;0;0;0;0;0;0;0
1219 - Kab. Batubara;52;28;60;22;13;8;7;0;3;4;1.5;9.5;9.3;0;0;54;30;64;24;14;9;7.167;0;3;4;1.5;5.3;26;0;0;10.44;10.67;10.7;10.8;10.77;11.25;10.23857143;0;0;0;0;0;0;0;0
1220 - Kab. Padang Lawas Utara;116;93;228;63;82;80;47.9;0;78.5;42.6;87;89.2;36.1;0;0;120;93;230;65;86;90;52.8038;0;78;43;116.8;57.4;28.6;0;0;10.38;10;10.09;10.32;10.49;11.27;11.02375783;0;0;0;0;0;0;0;0
1221 - Kab. Padang Lawas;137;168;167;152;131;156;97.6;0;62.7;112.6;48;110;67;0;0;141;175;175;160;136;156;101.4336;0;68.6;114;55.7;113.6;76.5;0;0;10.32;10.42;10.5;10.56;10.38;9.97;10.39278689;0;0;0;0;0;0;0;0
1222 - Kab. Labuhan Batu Selatan;22;42;29;26;29;24;10;0;5;2;0;0;0;0;0;23;45;31;28;34;27;11.7;0;5;2;0;0;0;0;0;10.43;10.72;10.68;10.8;11.72;11.25;11.7;0;0;0;0;0;0;0;0
1223 - Kab. Labuhan Batu Utara;27;22;27;3;3;1;0;0;0;0;0;0;0;0;0;29;24;30;3;3;1;0;0;0;0;0;0;0;0;0;10.74;10.97;11.02;11.16;10;10;0;0;0;0;0;0;0;0;0
1224 - Kab. Nias Utara;0;24;21;7;8;2;6;0;22;24;0;0;8.2;0;0;0;26;22;8;8;2;5.6;0;22;24;0;0;10;0;0;0;10.75;10.64;10.75;10;9;9.333333333;0;0;0;0;0;0;0;0
1225 - Kab. Nias Barat;5;2;5;0;0;14;4;0;0;0;0;0;0;0;0;5;2;5;0;0;13;3.8;0;0;0;0;0;0;0;0;10.41;10.73;10.65;0;0;9.14;9.5;0;0;0;0;0;0;0;0
1271 - Kota Sibolga;0;0;0;0;0;0;0;0;0;0;0;0;0;0;0;0;0;0;0;0;0;0;0;0;0;0;0;0;0;0;0;0;0;0;0;0;0;0;0;0;0;0;0;0;0
1272 - Kota Tanjung Balai;2;0;0;0;0;0;1;0;0;0;0;2;0;0;0;2;0;0;0;0;0;1;0;0;0;0;2;0;0;0;10.65;0;0;0;0;0;10;0;0;0;0;0;0;0;0
1273 - Kota Pematang Siantar;0;0;0;0;0;0;0;0;0;0;0;0;0;0;0;0;0;0;0;0;0;0;0;0;0;0;0;0;0;0;0;0;0;0;0;0;0;0;0;0;0;0;0;0;0
1274 - Kota Tebing Tinggi;2;2;0;0;0;1;1;0;0;0;0;0;0;0;0;2;2;0;0;0;1;1;0;0;0;0;0;0;0;0;10.31;10.65;0;0;0;10;10;0;0;0;0;0;0;0;0
1275 - Kota Medan;76;49;27;32;25;27;17;0;14;20.3;0;0;0;0;0;81;53;29;35;27;27;17;0;14;21;0;0;0;0;0;10.61;10.78;10.91;10.98;10.8;10;10;0;0;0;0;0;0;0;0
1276 - Kota Binjai;302;306;249;242;243;109;124.4;0;26.6;18.4;18.3;5;25.6;0;0;317;324;267;264;264;111;126.0764;0;33.6;17.9;15;3.7;8.2;0;0;10.5;10.57;10.71;10.92;10.86;10.21;10.13475884;0;0;0;0;0;0;0;0
1277 - Kota Padang Sidimpuan;39;70;72;35;64;59;51;0;44;68;81;52;45;0;0;41;75;78;38;67;60;52.028;0;44;68;78;45;43;0;0;10.55;10.78;10.8;10.95;10.47;10.22;10.20156863;0;0;0;0;0;0;0;0
1278 - Kota Gunung Sitoli;8;11;22;38;17;1;0;0;0;4;6;10;4;0;0;8;12;23;40;17;1;0;0;0;4;1.1;8;6002;0;0;10.21;10.5;10.55;10.56;10;9;0;0;0;0;0;0;0;0;0
1301 - Kab. Kepulauan Mentawai;25;26;5;0;11;1;1;0;0;0;0;0;0;0;0;25;27;5;0;11;1;1;0;0;0;0;0;0;0;0;10;10.38;10;0;10;10;10;0;0;0;0;0;0;0;0
1302 - Kab. Pesisir Selatan;176;214;166;112;61;30.4;30.4;30;17.7;34.2;71.3;72.4;26.1;0;0;191;243;188;128;71;36;36;34;37.09;31.9;63.4;82.5;32.9;0;0;10.85;11.36;11.33;11.43;11.64;11.84210526;11.84;11.33;0;0;0;0;0;0;0
1303 - Kab. Solok;69;42;50;57;32;3;3;0;0;1;0;0;0;0;0;75;49;59;67;39;4;4;0;0;1;0;0;0;0;0;10.87;11.67;11.8;11.75;12.19;13.33333333;13.33;0;0;0;0;0;0;0;0
1304 - Kab. Sijunjung;14;11;14;0;6;1;0;5;10;9;9;2;0;0;0;15;11;14;0;6;1;0;5;5.45;9;13;3.6;0;0;0;10.71;10;10;0;10;10;0;10;5.45;0;0;0;0;0;0
1305 - Kab. Tanah Datar;21;10;6;8;10;13.9;13.9;9;14;5.9;4.8;0;3.6;0;0;22;11;6;9;11;15;15;10;10.91;6.4;3;0;4.4;0;0;10.48;11;10;11.25;11;10.79136691;10.79;11.11;7.79;0;0;0;0;0;0
1306 - Kab. Padang Pariaman;51;0;7;25;32;13;13;5;1;0;0;0;0;0;0;52;0;8;30;41;14;14;5;5.45;0;0;0;0;0;0;10.2;0;11.43;12;12.81;10.76923077;10.77;10;54.55;0;0;0;0;0;0
1307 - Kab. Agam;44;62;85;40;23;52;52;31;41;13;9;11;15;0;0;45;66;91;42;26;59;59;33;36;13;22;20.4;24.8;0;0;10.23;10.65;10.71;10.5;11.3;11.34615385;11.35;10.65;0;0;0;0;0;0;0
1308 - Kab. Lima Puluh Kota;4;0;1;0;0;1;1;0;0;0;2;2.6;2.7;0;0;4;0;1;0;0;1;1;0;0;0;0.2;3.3;2.4;0;0;10;0;10;0;13.75;10;10;0;0;0;0;0;0;0;0
1309 - Kab. Pasaman;72;65;57;41;40;32.9;32.9;21;22;25;24;22;24;0;0;92;87;76;54;55;44;44;28;30.55;25;46.2;23.7;24.8;0;0;12.78;13.38;13.33;13.17;11.79;13.37386018;13.37;13.33;13.88;0;0;0;0;0;0
1310 - Kab. Solok Selatan;57;91;75;56;28;2;2;17;10;8;11;16;17;0;0;66;112;90;66;33;3;3;22;24;8;9.2;11.8;11.6;0;0;11.58;12.31;12;11.79;10;15;15;12.94;24;0;0;0;0;0;0
1311 - Kab. Dharmas Raya;16;7;19;14;6;5;5;5;2.5;1;1.5;1;0;0;0;17;7;19;14;6;5;5;5;5.45;1;1.5;1;0;0;0;10.63;10;10;10;13.58;10;10;10;21.82;0;0;0;0;0;0
1312 - Kab. Pasaman Barat;402;369;378;250;190;113;113;100;128;163;184;206;213;0;0;515;491;508;338;258;154;154;137;149.45;146;99.4;171.4;285.5;0;0;12.81;13.31;13.44;13.52;0;13.62831858;13.63;13.7;11.68;0;0;0;0;0;0
1371 - Kota Padang;3;1;2;1;0;1;0;0;0;0;0;0;0;0;0;3;1;2;1;0;1;0;0;0;0;0;0;0;0;0;10;10;10;10;0;0;0;0;0;0;0;0;0;0;0
1372 - Kota Solok;6;0;0;0;0;0;0;0;0;0;0;0;0;0;0;7;0;0;0;0;0;0;0;0;0;0;0;0;0;0;11.67;0;0;0;10;10;0;0;0;0;0;0;0;0;0
1373 - Kota Sawah Lunto;2;14;7;3;2;0;0;7;0.5;0.5;19.1;3.9;0.3;0;0;2;14;7;3;2;0;0;7;7.64;0.5;12.9;2;0.1;0;0;10;10;10;10;0;0;0;10;152.73;0;0;0;0;0;0
1374 - Kota Padang Panjang;0;0;0;0;0;0;0;0;0;0;0;0;0;0;0;0;0;0;0;0;0;0;0;0;0;0;0;0;0;0;0;0;0;0;0;0;0;0;0;0;0;0;0;0;0
1375 - Kota Bukit Tinggi;0;0;0;0;0;0;0;0;0;0;0;0;0;0;0;0;0;0;0;0;0;0;0;0;0;0;0;0;0;0;0;0;0;0;0;0;0;0;0;0;0;0;0;0;0
1376 - Kota Payakumbuh;2;0;0;0;0;0;0;0;0;0;0;0;0;0;0;2;0;0;0;0;0;0;0;0;0;0;0;0;0;0;10;0;0;0;0;0;0;0;0;0;0;0;0;0;0
1377 - Kota Pariaman;1;2;0;1;0;0;0;0;0;0;0;0;0;0;0;1;2;0;1;0;0;0;0;0;0;0;0;0;0;0;10;10;0;10;0;0;0;0;0;0;0;0;0;0;0
1401 - Kab. Kuantan Singingi;22;7;8;32;46;31;21.5;24.9;20.5;13;6;4.7;1.3;0;0;23;7;8;33;47;0;22;25;20.5;13;6;6.2;1.4;0;0;10.45;10;10;10.31;10.22;15.16;10.23;10.04;0;0;0;0;0;0;0
1402 - Kab. Indragiri Hulu;41;46;36;18;51;28;8;5;2;2;1;0;0;0;0;44;48;38;18;118;0;8;5;2;2;10;0;0;0;0;10.73;10.43;10.56;10;23.14;42.14;10;10;0;0;0;0;0;0;0
1403 - Kab. Indragiri Hilir;48;40;62;39;42;44;46;44;29;36;32;21.1;8.7;0;0;51;42;64;40;44;0;47;45;36;47.7;28.7;58.1;5.6;0;0;10.63;10.5;10.32;10.26;10.48;1;10.22;10.23;0;0;0;0;0;0;0
1404 - Kab. Pelalawan;19;2;0;1;0;1;1;1;2;1;1;0;0;0;0;20;2;0;1;0;0;1;1;4;1;1;0;0;0;0;10.53;10;0;10;0;0;10;10;0;0;0;0;0;0;0
1405 - Kab. Siak;10;13;17;3;2;2;3;3;0.1;2.4;1.5;0.5;0;0;0;11;13;17;3;2;0;3;3;0.1;2.4;1.5;1;0;0;0;11;10;10;10;10;10;10;10;0;0;0;0;0;0;0
1406 - Kab. Kampar;223;303;317;176;159;90;53;61;73;53;52;52;43;0;0;237;320;337;186;173;0;55;64;76;68;51;50.9;43;0;0;10.63;10.56;10.63;10.57;10.88;19.22;10.38;10.49;0;0;0;0;0;0;0
1407 - Kab. Rokan Hulu;579;403;344;247;256;343;436;268;185;97;58;66.2;6.6;0;0;631;434;373;267;284;0;482;295;161.1;95;57.3;86.6;7.4;0;0;10.9;10.77;10.84;10.81;11.09;8.23;11.06;11.01;0;0;0;0;0;0;0
1408 - Kab. Bengkalis;30;11;8;8;11;7;1;0;1;0;0.1;0;0;0;0;32;11;8;8;11;0;1;0;1;0;0.1;0;0;0;0;10.67;10;10;10;10;15.71;10;0;0;0;0;0;0;0;0
1409 - Kab. Rokan Hilir;61;43;52;45;26;27;27.8;10;20;17.5;19;6.5;0;0;0;65;46;54;47;27;0;29;10;20;18.5;23.4;8.9;0;0;0;10.66;10.7;10.38;10.44;10.38;10;10.43;10;0;0;0;0;0;0;0
1410 - Kab. Kepulauan Meranti;0;0;0;0;0;0;0;0;0;0;0;0;0;0;0;0;0;0;0;0;0;0;0;0;0;0;0;0;0;0;0;0;0;0;0;0;0;0;0;0;0;0;0;0;0
1471 - Kota Pekanbaru;12;20;5;6;0;0;0;0;0;0;0;0.5;0.1;0;0;12;21;5;6;0;0;0;0;0;0;0;0.1;0.1;0;0;10;10.5;10;10;0;0;0;0;0;0;0;0;0;0;0
1473 - Kota Dumai;95;50;16;10;5;3;2;0;1;0;1;0.2;0;0;0;102;51;16;10;5;0;2;0;1;0;1.2;0.2;0;0;0;10.74;10.2;10;10;10;16.67;10;0;0;0;0;0;0;0;0
1501 - Kab. Kerinci;1;0;0;0;0;0;27;0;5;30.9;11;3;22.5;0;0;1;0;0;0;0;0;27.1812;0;0;0;0;0;0;0;0;12.1;0;0;0;0;0;10.06711111;0;0;0;0;0;0;0;0
1502 - Kab. Merangin;126;92;96;35;29;29;33;78;53;46;25;14;19;0;0;140;101.41;102.5;39;33;33;36.05947393;83;0;0;0;0;0;0;0;11.08;11.02;10.68;11;11.24;11.37;10.92711331;10.64;0;0;0;0;0;0;0
1503 - Kab. Sarolangun;18;28;29;25;13;16;12;4;2;5;14;12;8.7;0;0;18;29.21;34.04;29;15;19;14.32594165;5;0;0;0;0;0;0;0;9.88;10.43;11.74;11.49;11.71;11.88;11.93828471;12.19;0;0;0;0;0;0;0
1504 - kab. Batang Hari;4;3;3;2;5;2;9;2;6;6;6;1;3;0;0;5;3.47;3.03;2;5;2;10.36323;2;0;0;0;0;0;0;0;12.03;11.57;10.08;10.12;10.82;11.01;11.5147;11.47;0;0;0;0;0;0;0
1505 - Kab. Muaro Jambi;51;36;24;12;4;2;11;1;0;0;2;0;1;0;0;64;41.44;27.45;14;4;1;13.26211241;1;0;0;0;0;0;0;0;12.54;11.51;11.44;11.49;11.18;6.21;12.05646583;11.02;0;0;0;0;0;0;0
1506 - Kab. Tanjung Jabung Timur;45;93;46;57;33;18;21;16;7;9;3;2;0;0;0;56;114.3;54.8;69;40;21;24.46293741;19;0;0;0;0;0;0;0;12.4;12.29;11.91;12.05;12.07;11.88;11.64901781;11.61;0;0;0;0;0;0;0
1507 - Kab. Tanjung Jabung Barat;48;39;50;48;20;7;11;6;0;0;0;0;1;0;0;58;45.61;56.44;56;23;8;12.72444894;7;0;0;0;0;0;0;0;12.09;11.7;11.29;11.68;11.75;11.67;11.56768086;11.28;0;0;0;0;0;0;0
1508 - Kab. Tebo;36;25;31;18;18;23;47.9;34;21;23.4;11;3;5;0;0;44;33.98;41.48;22;22;27;57.23919353;41;0;0;0;0;0;0;0;12.11;13.59;13.38;12.26;12;11.59;11.94972725;11.95;0;0;0;0;0;0;0
1509 - Kab. Bungo;86;86;64;33;24;17;24;24;38;23;24;4;3;0;0;77;75.9;61.62;32;25;19;27.98928418;28;0;0;0;0;0;0;0;8.92;8.83;9.63;9.85;10.61;11;11.66220174;11.59;0;0;0;0;0;0;0
1571 - Kota Jambi;0;0;0;0;0;0;0;0;2;0;1;0;0.9;0;0;0;0;0;0;0;0;0;0;0;0;0;0;0;0;0;0;0;0;0;0;0;0;0;0;0;0;0;0;0;0
1572 - Kota Sungai Penuh;0;0;0;0;0;0;0;0;0;0;0;0;0;0;0;0;0;0;0;0;0;0;0;0;0;0;0;0;0;0;0;0;0;0;0;0;0;0;0;0;0;0;0;0;0
1601 - Kab. Ogan Komering Ulu;50;28;54;34;12;14;0;0;6;2;1;2;0;0;0;68;38;73;46;16;19;0;0;6;2;1;2;0;0;0;13.42;13.57;13.57;13.57;13.58;13.57;0;0;0;0;0;0;0;0;0
1602 - Kab. Ogan Komering Ilir;150;72;167;35;66;48;0;0;26.1;11.6;33;131.4;34;0;0;195;97;225;47;89;65;0;0;27;11.6;33;131.4;34;0;0;13.48;13.46;13.46;13.46;13.46;13.54;0;0;0;0;0;0;0;0;0
1603 - Kab. Muara Enim;1093;721;642;361;164;144;0;0;67;61;96;74;54.5;0;0;1508;997;886;498;226;198;0;0;67;61;96;74;54.5;0;0;13.48;13.83;13.8;13.79;13.8;13.75;0;0;0;0;0;0;0;0;0
1604 - Kab. Lahat;105;75;122;91;59;15;0;0;115;100;45.6;81.9;13;0;0;135;104;170;127;82;20;0;0;115;100;45.6;81.9;13;0;0;13.42;13.92;13.92;13.92;13.92;13.33;0;0;0;0;0;0;0;0;0
1605 - Kab. Musi Rawas;203;203;234;200;122;98;0;0;60;48;142;96;61;0;0;268;275;318;271;166;133;0;0;60;48;142;96;61;0;0;13.47;13.57;13.57;13.57;13.57;13.57;0;0;0;0;0;0;0;0;0
1606 - Kab. Musi Banyu Asin;219;211;201;172;136;82;0;0;43;16;8;4;10;0;0;294;287;273;234;185;111;0;0;40;16;8;4;10;0;0;13.47;13.59;13.59;13.59;13.59;13.54;0;0;0;0;0;0;0;0;0
1607 - Kab. Banyu Asin;137;196;147;212;136;49;0;0;16.8;10;28.4;36;31;0;0;190;264;198;286;183;66;0;0;17;10;28.4;36;31;0;0;13.48;13.48;13.46;13.48;13.48;13.47;0;0;0;0;0;0;0;0;0
1608 - Kab. OKU Selatan;117;58;44;22;8;5;0;0;1;0;1;0;1;0;0;160;75;57;29;10;7;0;0;1;0;1;0;1;0;0;13.48;12.98;12.98;12.98;12.98;14;0;0;0;0;0;0;0;0;0
1609 - Kab. OKU Timur;173;150;60;67;48;57;0;0;155.2;106.5;109.9;6;19.5;0;0;221;206;82;85;66;78;0;0;163;106.5;109.9;6;19.5;0;0;13.47;13.72;13.72;12.64;13.72;13.68;0;0;0;0;0;0;0;0;0
1610 - Kab. Ogan Ilir;29;15;16;12;1;8;0;0;7;6;8.5;20.9;7.5;0;0;38;19;20;15;1;10;0;0;6.3;6;8.5;20.9;7.5;0;0;13.47;12.76;12.76;12.76;12.8;12.5;0;0;0;0;0;0;0;0;0
1611 - Kab. Empat Lawang;106;89;60;62;22;24;0;0;4;0;0;0;0;0;0;139;120;81;83;30;32;0;0;4;0;0;0;0;0;0;13.4;13.45;13.45;13.45;13.45;13.33;0;0;0;0;0;0;0;0;0
1612 - Kab. Penukal Abab Lematang Ilir;0;0;0;0;25;123;0;0;177;5;45;23;44;0;0;0;0;0;0;35;169;0;0;173;5;45;23;44;0;0;0;0;0;0;13.87;13.74;0;0;0;0;0;0;0;0;0
1613 - Kab. Musi Rawas Utara;0;0;0;0;0;9;0;0;15;15;38;26;4;0;0;0;0;0;0;0;12;0;0;13;15;38;26;4;0;0;0;0;0;0;0;13.33;0;0;0;0;0;0;0;0;0
1671 - Kota Palembang;0;0;2;0;0;1;0;0;1;1;0;2;0;0;0;0;7;3;0;0;1;0;0;1;1;0;2;0;0;0;0;13.89;13.5;0;0;10;0;0;0;0;0;0;0;0;0
1672 - Kota Prabumulih;21;52;39;55;59;39;0;0;30;0;20;25;0;0;0;26;70;53;89;80;53;0;0;30;0;20;25;0;0;0;13.42;13.55;13.55;16.25;13.55;13.59;0;0;0;0;0;0;0;0;0
1673 - Kota Pagaralam;14;10;0;0;0;0;0;0;0;0;0;0;0;0;0;18;14;0;0;0;0;0;0;0;0;0;0;0;0;0;13.43;13.89;0;0;0;0;0;0;0;0;0;0;0;0;0
1674 - Kota Lubuk Linggau;15;29;32;9;10;0;0;0;2;3;51;0;1;0;0;19;37;41;11;13;0;0;0;2;3;51;0;1;0;0;13.43;12.72;12.72;12.72;12.72;0;0;0;0;0;0;0;0;0;0
1701 - Kab. Bengkulu Selatan;93;70;59;29;48;27;9.9;17.6;29.8;31.9;41.9;30;34;0;0;90;68;57;28;46;25;9.706751379;18.00461887;28;30;40;31;34;0;0;9.66;9.71;9.66;9.66;9.64;9.26;9.804799373;10.22989708;0;0;0;0;0;0;0
1702 - Kab. Rejang Lebong;213;192;247;281;261;211;54;35;14;12;5;2;0;0;0;206;196;250;290;263;210;54.62254127;37.54504931;23;12;9;2;0;0;0;9.65;10.21;10.12;10.32;10.06;9.95;10.11528542;10.72715695;0;0;0;0;0;0;0
1703 - Kab. Bengkulu Utara;471;532;352;278;258;203;180.7;125.3;52.7;1;19.9;22;48;0;0;459;536;355;283;257;196;182.0801897;132.7287758;38;1;25.4;28.9;61.2;0;0;9.74;10.08;10.09;10.18;9.98;9.65;10.07638017;10.59287916;0;0;0;0;0;0;0
1704 - Kab. Kaur;152;185;246;204;148;76;36;32;59.9;47;38;48;50;0;0;146;178;234;197;143;71;34.84587835;33.11355347;111;68;28.5;44;56.6;0;0;9.61;9.62;9.51;9.66;9.63;9.34;9.679410652;10.34798546;0;0;0;0;0;0;0
1705 - Kab. Seluma;58;87;63;56;41;20;33;50.4;41;49.4;15;31.9;20;0;0;56;84;60;55;40;18;32.36502895;52.09426706;32.6;102;13.2;27.5;22.4;0;0;9.62;9.66;9.52;9.82;9.64;9;9.80758453;10.3361641;0;0;0;0;0;0;0
1706 - Kab. Muko Muko;338;205;426;457;352;111;75;61;42;58;33;14;17;0;0;326;195;410;441;342;103;72.91052902;62.5725088;43.2;59.6;66;18.8;24;0;0;9.64;9.51;9.62;9.65;9.71;9.28;9.721403869;10.25778833;0;0;0;0;0;0;0
1707 - Kab. Lebong;5;7;1;1;0;0;0.2;0;0;0;1;0;7.5;0;0;5;7;1;1;0;0;0;0;0;0;1;0;11.3;0;0;9.91;10;10;10;0;0;0;0;0;0;0;0;0;0;0
1708 - Kab. Kepahiang;7;0;1;0;0;0;0;0;2;0;2;0;0;0;0;7;0;1;0;0;0;0;0;2;0;1;0;0;0;0;9.55;0;10;0;0;0;0;0;0;0;0;0;0;0;0
1709 - Kab. Bengkulu Tengah;87;134;112;78;67;43;13.5;12;7.2;10.5;12;3.7;2;0;0;85;127;107;76;64;39;13.12042195;12.2388364;7.2;12.1;22.5;5.1;4;0;0;9.73;9.48;9.55;9.74;9.53;0;9.718831077;10.19903033;0;0;0;0;0;0;0
1771 - Kota Bengkulu;14;15;2;0;0;0;0;1;0;0;0;3;0;0;0;14;14;2;0;0;0;0;0;0;0;0;1.9;0;0;0;9.85;9.33;10;0;0;9.07;0;0;0;0;0;0;0;0;0
1801 - Kab. Lampung Barat;98;101;94;7;19;9;2;0;0;31;7;5;0;0;0;88;82;84;7;17;8;2;0;0;30.723;6.5;0.2;0;0;0;8.98;8.12;8.94;10;8.95;8.89;10;0;0;9.910645161;9.285714286;0.4;0;0;0
1802 - Kab. Tanggamus;274;274;199;166;237;123;102.2;39.7;55.5;75.4;104;105;48.8;0;0;245;224;179;149;213;110;92;0;397;72.8447;142;108.8;42.1;0;0;8.94;8.18;8.99;8.98;8.99;8.94;9.019607843;0;71.53153153;9.661100796;13.65384615;10.36190476;8.62704918;0;0
1803 - Kab. Lampung Selatan;314;457;404;331;289;147;137.6;108.2;86.2;82.2;66.6;38.9;33.8;0;0;280;404;363;297;260;132;123;0;88;79.8166;62;39;34;0;0;8.92;8.84;8.99;8.97;9;8.98;8.913043478;0;10.20881671;9.710048662;9.309309309;10.02570694;10.0591716;0;0
1804 - Kab. Lampung Timur;413;377;603;508;409;189;337.3;369.5;299.5;312.3;265.7;368.1;200.8;0;0;370;330;541;455;368;170;302;0;419;299.4014;61;333.2;196.1;0;0;8.96;8.75;8.97;8.96;9;8.99;8.961424332;0;13.98998331;9.586980467;2.295822356;9.051888074;9.765936255;0;0
1805 - Kab. Lampung Tengah;982;770;699;651;346;242;206.4;205.7;164.7;147.7;120;259.8;135.1;0;0;880;688;627;584;310;217;185;0;164;141.8301;61;236.5;129.1;0;0;8.96;8.94;8.97;8.97;8.96;8.97;8.980582524;0;9.957498482;9.602579553;5.083333333;9.103156274;9.55588453;0;0
1806 - Kab. Lampung Utara;808;681;571;498;454;245;216.9;91.9;120;94;176.7;77;47.2;0;0;724;627;514;449;409;220;195;0;112;90.132;158.2;39.2;37.7;0;0;8.96;9.21;9;9.02;9.01;8.98;8.986175115;0;9.333333333;9.588510638;8.953027731;5.090909091;7.987288136;0;0
1807 - Kab. Way Kanan;639;1040;778;441;393;450;225.8;146;101;34.7;39;54;6.8;0;0;572;970;699;397;355;405;203;0;87;33.6426;30;32.7;7;0;0;8.95;9.33;8.98;9;9.03;9;8.982300885;0;8.613861386;9.695273775;7.692307692;6.055555556;10.29411765;0;0
1808 - Kab. Tulang Bawang;80;58;58;62;64;67;59;60;86;68;58;90;38;0;0;72;53;52;55;58;60;53;0;89;65.814;38.9;88;47.4;0;0;9;9.14;8.97;8.87;9.06;8.96;8.983050847;0;10.34883721;9.678529412;6.706896552;9.777777778;12.47368421;0;0
1809 - Kab. Pesawaran;121;80;56;95;139;40;86;153;19;109;68;258;130.2;0;0;108;74;50;86;125;36;77;0;19;108.557;84.3;284.2;141.6;0;0;8.93;9.25;8.93;9.05;8.99;9;8.953488372;0;10;9.959357798;12.39705882;11.01550388;10.87557604;0;0
1810 - Kab. Pringsewu;37;167;42;17;139;23;23.5;27.4;314.7;55.4;12.2;18;19;0;0;33;131;38;16;126;21;21;0;14;54.8132;12.5;15.8;17.3;0;0;8.92;7.84;9.05;9.41;9.06;9.13;8.75;0;0.444868128;9.894079422;10.24590164;8.777777778;9.105263158;0;0
1811 - Kab. Mesuji;78;18;20;16;13;5;18;13;6;3;9;9;0;0;0;70;17;18;14;12;4;16;0;6;2.784;8.4;8.3;0;0;0;8.97;9.44;9;8.75;9.23;8;8.888888889;0;10;9.28;9.333333333;9.222222222;0;0;0
1812 - Kab. Tulang Bawang Barat;56;31;33;28;8;20;9.4;27;14;6;34.7;14;100;0;0;50;29;30;25;7;18;8;0;11;5.898;28.5;14.6;100.9;0;0;8.93;9.35;9.09;8.93;8.75;9;8.888888889;0;7.857142857;9.83;8.213256484;10.42857143;10.09;0;0
1813 - Kab. Pesisir Barat;0;0;0;111;77;46;78;87;76;71;70;68;77;0;0;0;0;0;100;70;41;70;0;63.1;68.903;33.4;51.3;56.8;0;0;0;0;0;0;9.09;8.91;8.974358974;0;8.302631579;9.704647887;4.771428571;7.544117647;7.376623377;0;0
1871 - Kota Bandar Lampung;4;5;7;6;0;0;0;1;1;0;0;0;0;0;0;4;5;6;6;0;0;0;0;1;0;0;0;0;0;0;10;10;8.57;10;0;0;0;0;10;0;0;0;0;0;0
1872 - Kota Metro;31;12;12;4;24;2;1;1;0;6.9;1.9;0;6.5;0;0;28;10;11;4;22;2;1;0;0;6.5632;2;0;7;0;0;9.03;8.33;9.17;10;9.17;10;10;0;0;9.511884058;10.52631579;0;10.76923077;0;0
1901 - Kab. Bangka;0;0;0;0;0;0;0;0;0;1.5;0;0;0;0;0;0;0;0;0;0;0;0;0;0;1.5;0;0;0;0;0;0;0;0;0;0;0;0;0;0;10;0;0;0;0;0
1902 - Kab. Belitung;0;0;0;0;0;0;0;0;0;0;0;0;0;0;0;0;0;0;0;0;0;0;0;0;0;0;0;0;0;0;0;0;0;0;0;0;0;0;0;0;0;0;0;0;0
1903 - Kab. Bangka Barat;0;0;0;0;0;0;0;0;0;1;0;0;0;0;0;0;0;0;0;0;0;0;0;0;1;0;0;0;0;0;0;0;0;0;0;0;0;0;0;10;0;0;0;0;0
1904 - Kab. Bangka Tengah;0;0;0;0;0;0;0;0;0;0;0;0;0.8;0;0;0;0;0;0;0;0;0;0;0;0;0;0;0.3;0;0;0;0;0;0;0;0;0;0;0;0;0;0;3.75;0;0
1905 - Kab. Bangka Selatan;0;0;0;0;0;0;0;0;0;0;0;0;0;0;0;0;0;0;0;0;0;0;0;0;0;0;0;0;0;0;0;0;0;0;0;0;0;0;0;0;0;0;0;0;0
1906 - Kab. Belitung Timur;0;0;0;0;0;0;0;0;0;0;0;0;0;0;0;0;0;0;0;0;0;0;0;0;0;0;0;0;0;0;0;0;0;0;0;0;0;0;0;0;0;0;0;0;0
1971 - Kota Pangkal Pinang;0;0;0;0;0;0;0;0;0;0;0;0;0;0;0;0;0;0;0;0;0;0;0;0;0;0;0;0;0;0;0;0;0;0;0;0;0;0;0;0;0;0;0;0;0
2101 - Kab. Karimun;0;0;0;0;0;0;0;0;0;0;0;0;0;0;0;0;0;0;0;0;0;0;0;0;0;0;0;0;0;0;0;0;0;0;0;0;0;0;0;0;0;0;0;0;0
2102 - Kab. Bintan;0;0;0;0;0;0;0;0;0;0;0;0;0;0;0;0;0;0;0;0;0;0;0;0;0;0;0;0;0;0;0;0;0;0;0;0;0;0;0;0;0;0;0;0;0
2103 - Kab. Natuna;0;0;0;0;0;0;0;5;0.5;0.4;0.3;0;0;0;0;0;0;0;0;0;0;0;3;0.5;0.4;0.3;0;0;0;0;0;0;0;0;0;0;0;0;0;0;0;0;0;0;0
2104 - Kab. Lingga;0;0;0;0;0;0;0;0;0;0;0;0;0;0;0;0;0;0;0;0;0;0;0;0;0;0;0;0;0;0;0;0;0;0;0;0;0;0;0;0;0;0;0;0;0
2105 - Kab. Kepulauan Anambas;0;0;0;0;0;0;1;0;0;0;0.1;0;0;0;0;0;0;0;0;0;0;0;0;0;0;0.2;0;0;0;0;0;0;0;0;0;0;0;0;0;0;0;0;0;0;0
2171 - Kota Batam;0;0;0;0;0;0;0;0;0;0;0;0;0;0;0;0;0;0;0;0;0;0;0;0;0;0;0;0;0;0;0;0;0;0;0;0;0;0;0;0;0;0;0;0;0
2172 - Kota Tanjung Pinang;0;0;0;0;0;0;0;0;0;0;0;0;0;0;0;0;0;0;0;0;0;0;0;0;0;0;0;0;0;0;0;0;0;0;0;0;0;0;0;0;0;0;0;0;0
3101 - Kab. Kepulauan Seribu;0;0;0;0;0;0;0;0;0;0;0;0;0;0;0;0;0;0;0;0;0;0;0;0;0;0;0;0;0;0;0;0;0;0;0;0;0;0;0;0;0;0;0;0;0
3171 - Kota Jakarta Selatan;0;0;0;0;0;0;0;0;0;0;0;0;0;0;0;0;0;0;0;0;0;0;0;0;0;0;0;0;0;0;0;0;0;0;0;0;0;0;0;0;0;0;0;0;0
3172 - Kota Jakarta Timur;0;0;0;0;0;0;0;0;0;0;0;0;0;0;0;0;0;0;0;0;0;0;0;0;0;0;0;0;0;0;0;0;0;0;0;0;0;0;0;0;0;0;0;0;0
3173 - Kota Jakarta Pusat;0;0;0;0;0;0;0;0;0;0;0;0;0;0;0;0;0;0;0;0;0;0;0;0;0;0;0;0;0;0;0;0;0;0;0;0;0;0;0;0;0;0;0;0;0
3174 - Kota Jakarta Barat;0;0;0;0;0;0;0;0;0;0;0;0;0;0;0;0;0;0;0;0;0;0;0;0;0;0;0;0;0;0;0;0;0;0;0;0;0;0;0;0;0;0;0;0;0
3175 - Kota Jakarta Utara;0;0;0;0;0;0;0;0;0;0;0;0;0;0;0;0;0;0;0;0;0;0;0;0;0;0;0;0;0;0;0;0;0;0;0;0;0;0;0;0;0;0;0;0;0
3201 - Kab. Bogor;194;123;28;23;115;13;122.3;0;228.8;45.1;13.5;176;24.5;0;0;220;148;32;25;86;14;132;0;247;47;15;140;129;0;0;11.33;12.03;11.43;10.87;7.48;10.77;10.79313164;0;0;0;0;0;0;0;0
3202 - Kab. Sukabumi;366;209;238;764;1147;1045;428;0;12;57;676;107.6;78.7;0;0;382;221;267;1180;1224;1132;631;0;4;52;650;120.4;78;0;0;10.44;10.57;11.22;15.45;10.67;10.83;14.74299065;0;0;0;0;0;0;0;0
3203 - Kab. Cianjur;627;383;443;1217;387;316;205.9;0;97.1;102.6;515.8;249.1;236.8;0;0;633;385;446;1255;427;339;217;0;108;103;523;255;241;0;0;10.1;10.05;10.07;10.31;11.03;10.73;10.53909665;0;0;0;0;0;0;0;0
3204 - Kab. Bandung;0;8;12;6;0;0;0;0;0;0;0;0;0;0;0;0;11;14;11;0;0;0;0;0;0;0;0;0;0;0;0;13.75;11.67;18.33;0;0;0;0;0;0;0;0;0;0;0
3205 - Kab. Garut;1910;2235;1591;1966;1841;1078;1485;0;822;960;1022;651;741;0;0;2078;2395;1458;2142;2174;1326;1775;0;822;960;1297;769;843;0;0;10.88;10.72;9.16;10.9;11.81;12.3;11.95286195;0;0;0;0;0;0;0;0
3206 - Kab. Tasikmalaya;78;62;48;161;37;37;14;0;107.3;55;31.8;9;5;0;0;83;67;51;184;105;56;16;0;109;55;30;12.1;5.1;0;0;10.68;10.81;10.63;11.43;28.38;15.14;11.42857143;0;0;0;0;0;0;0;0
3207 - Kab. Ciamis;93;697;793;405;469;160;11;0;2306.7;141.1;6;133.3;197.7;0;0;116;911;826;484;568;283;16;0;1401;148;15;162.9;289;0;0;12.51;13.07;10.42;11.95;12.11;17.69;14.54545455;0;0;0;0;0;0;0;0
3208 - Kab. Kuningan;351;108;262;159;56;115;74;0;10;105.8;106.9;103.3;90.6;0;0;438;124;411;181;60;123;84;0;10;105;162;110;92;0;0;12.49;11.48;15.69;11.38;10.71;10.7;11.35135135;0;0;0;0;0;0;0;0
3209 - Kab. Cirebon;3290;2360;871;1201;1742;1755;2384.7;0;2235.8;1194.1;1903.6;1798.2;1986.6;0;0;3642;3156;1223;1969;1917;2886;3412;0;2529;1294;2107.6;1961.5;1541;0;0;11.07;13.37;14.04;16.39;11;16.44;14.3078794;0;0;0;0;0;0;0;0
3210 - Kab. Majalengka;1473;1601;965;811;1134;1076;2001.8;0;2736;1668.8;1793.7;1660.9;1173.6;0;0;1681;1398;879;868;778;1123;2090;0;2692;1502;1710;1653;1114;0;0;11.41;8.73;9.11;10.7;6.86;10.44;10.44060346;0;0;0;0;0;0;0;0
3211 - Kab. Sumedang;1461;1159;1478;919;222;142;348.4;0;65.9;45.9;181.9;135.9;107.6;0;0;1560;1309;1732;964;273;257;468;0;70;47;389;143;196;0;0;10.68;11.29;11.72;10.49;12.3;18.1;13.43283582;0;0;0;0;0;0;0;0
3212 - Kab. Indramayu;1030;1187;788;413;1383;876;80.2;0;509.3;191.9;552.9;85.7;372.9;0;0;1240;1216;744;421;3359;892;94;0;530;201;611;104.2;7.3;0;0;12.04;10.24;9.44;10.19;24.29;10.18;11.72069825;0;0;0;0;0;0;0;0
3213 - Kab. Subang;160;132;70;11;33;34;25.7;0;163.8;247.5;58.6;80.2;95.5;0;0;161;153;87;12;32;49;35;0;572;251;35;74.5;135;0;0;10.03;11.59;12.43;10.91;9.7;14.41;13.61867704;0;0;0;0;0;0;0;0
3214 - Kab. Purwakarta;663;581;390;231;159;163;101.8;0;66.7;55.7;56.8;112.5;63;0;0;954;710;430;269;178;220;135;0;67.1;55.5;81.7;174.7;139.2;0;0;14.39;12.22;11.03;11.65;11.19;13.5;13.26129666;0;0;0;0;0;0;0;0
3215 - Kab. Karawang;936;1056;837;755;746;453;397.1;0;217.6;1089.8;98.5;257.8;34.8;0;0;1165;1357;1064;943;666;611;519;0;223;1122.5;55.2;435.5;41.3;0;0;12.44;12.85;12.71;12.49;8.93;13.49;13.06975573;0;0;0;0;0;0;0;0
3216 - Kab. Bekasi;16;12;19;6;1;0;4;0;3;2.9;0;5;0;0;0;19;12;22;9;1;0;2;0;3.4;3;0;2;0;0;0;11.91;10;11.58;15;10;0;5;0;0;0;0;0;0;0;0
3217 - Kab. Bandung Barat;179;79;61;49;39;16;29;0;18.2;11.8;0;1.9;51;0;0;210;92;73;57;50;22;39;0;18.2;12;0;5;5.1;0;0;11.71;11.65;11.97;11.63;12.82;13.75;13.44827586;0;0;0;0;0;0;0;0
3218 - Kab. Pangandaran;0;0;0;0;650;320;2;0;626.6;69.4;188.9;172.4;0;0;0;0;0;0;0;781;349;0;0;659;73;215;199.2;0;0;0;0;0;0;0;12.02;10.91;0;0;0;0;0;0;0;0;0
3271 - Kota Bogor;1;4;1;0;0;0;0;0;0;0;0;0;0;0;0;1;4;1;0;0;0;0;0;0;0;0;0;0;0;0;1;10;10;0;0;0;0;0;0;0;0;0;0;0;0
3272 - Kota Sukabumi;0;0;0;0;0;0;0;0;0;0;0;0;0;0;0;0;0;0;0;0;0;0;0;0;0;0;0;0;0;0;0;0;0;0;0;0;0;0;0;0;0;0;0;0;0
3273 - Kota Bandung;0;0;0;0;0;0;0;0;0;0;0;0;0;0;0;0;0;0;0;0;0;0;0;0;0;0;0;0;0;0;0;0;0;0;0;0;0;0;0;0;0;0;0;0;0
3274 - Kota Cirebon;14;15;5;8;4;3;3;0;3.9;0;4.7;0.9;2.8;0;0;14;15;5;8;4;3;3;0;4;0;4.5;1;2;0;0;14;10;10;10;10;10;10;0;0;0;0;0;0;0;0
3275 - Kota Bekasi;0;0;0;0;0;0;0;0;0;0;0;0;0;0;0;0;0;0;0;0;0;0;0;0;0;0;0;0;0;0;0;0;0;0;0;0;0;0;0;0;0;0;0;0;0
3276 - Kota Depok;0;0;0;0;0;0;0;0;0;0;0;0;0;0;0;0;0;0;0;0;0;0;0;0;0;0;0;0;0;0;0;0;0;0;0;0;0;0;0;0;0;0;0;0;0
3277 - Kota Cimahi;0;0;0;0;0;0;0;0;0;0;0;0;0;0;0;0;0;0;0;0;0;0;0;0;0;0;0;0;0;0;0;0;0;0;0;0;0;0;0;0;0;0;0;0;0
3278 - Kota Tasikmalaya;0;0;0;0;0;0;0;0;0;0;0;0;0;0;0;0;0;0;0;0;0;0;0;0;0;0;0;0;0;0;0;0;0;0;0;0;0;0;0;0;0;0;0;0;0
3279 - Kota Banjar;23;496;111;16;63;5;25.7;0;114.3;23.1;124;56;122.2;0;0;26;536;133;20;66;6;31;0;118;24;134.5;62.5;146;0;0;23;10.81;11.98;12.5;10.48;12;12.06225681;0;0;0;0;0;0;0;0
3301 - Kab. Cilacap;248;3982;1932;1737;3139;796;264.7;8530;7024.9;4164.7;5494.1;4805;351.5;0;0;264;4615;2399;2275;4210;1076;356.6183;1212.5;6365.3;2959.7;2845.7;4016.4;355.9;0;0;10.63;11.59;12.42;13.09;13.41;13.52;13.47254628;14.21;9.06105425;7.106634331;5.179556251;8.358792924;10.12517781;0;0
3302 - Kab. Banyumas;831;854;553;207;288;187;175.5;917;1267.8;121.7;388.4;293.9;256.9;0;0;1000;436;250;109;151;92;92.8485;53.3;1317;127;258.8;255.4;463;0;0;12.03;5.11;4.51;5.26;5.25;4.92;5.290512821;5.81;10.38807383;10.43549712;6.66323378;8.690030623;18.02257688;0;0
3303 - Kab. Purbalingga;37;8;19;34;15;7;7;4;1;0;89.6;25.3;51.1;0;0;45;18;26;44;19;10;8.542;0.4;1;0;51.1;5.8;33.4;0;0;12.16;22.5;13.89;12.88;12.91;13.65;12.20285714;11.31;10;0;5.703125;2.292490119;6.536203523;0;0
3304 - Kab. Banjarnegara;24;1;5;4;7;0;19.1;21;0;1;265.7;79.8;6.9;0;0;24;1;4;3;2;0;24.0087;1.8;0;0.6;112.7;3.5;6.8;0;0;9.94;10;7.59;6.8;2.8;0;12.57;8.44;0;6;4.241625894;0.438596491;9.855072464;0;0
3305 - Kab. Kebumen;346;8194;8792;7093;9731;10439;873;13321;15058.4;10086;5087.3;10712.1;1199.9;0;0;393;7679;9298;7094;9469;13619;178.696;1237.4;14870.3;6519.9;3194;24334;3367.6;0;0;11.36;9.37;10.58;10;9.73;13.05;2.046918671;9.29;9.875086331;6.46430696;6.278379494;22.71636747;28.06567214;0;0
3306 - Kab. Purworejo;65;67;216;158;264;691;1591.8;2650;3274.9;3437.1;1694;2847.5;3185;0;0;59;65;234;172;365;957;2206.1838;368;3363;3494.8;464;85.2;4802;0;0;9.06;9.7;10.85;10.91;13.84;13.84;13.85967961;13.89;10.26901585;10.16787408;2.739079103;0.299209833;15.07692308;0;0
3307 - Kab. Wonosobo;12;3;3;1;0;2;0;0;0;0;0;0;0;0;0;14;3;4;1;0;2;0;0;0;0;0;0;0;0;0;11.28;10;12.67;11.97;0;10;0;0;0;0;0;0;0;0;0
3308 - Kab. Magelang;0;0;0;0;0;0;0;0;0;0;0;0;0;0;0;0;0;0;0;0;0;0;0;0;0;0;0;0;0;0;0;0;0;0;0;0;0;0;0;0;0;0;0;0;0
3309 - Kab. Boyolali;12;5;5;13;19;0;51;9;0;0;6.8;0;0;0;0;14;4;4;0;13;0;35.862;0.6;0;0;77;0;0;0;0;11.5;80;8.8;0;6.97;0;7.031764706;7.08;0;0;113.2352941;0;0;0;0
3310 - Kab. Klaten;110;294;209;82;174;112;298.2;125;71.5;369.3;1840.5;1003.8;252.7;0;0;120;301;226;100;196;120;260.2572;15.5;74;383;1984.7;1485.1;268.5;0;0;10.94;10.24;10.8;12.17;11.26;10.74;8.727605634;12.43;10.34965035;10.37097211;10.78348275;14.79477984;10.62524733;0;0
3311 - Kab. Sukoharjo;75;135;110;47;33;19;17.5;74;76;0;19.4;6.8;52.5;0;0;88;148;140;61;40;23;19.4425;8.6;76;0;23;3;6;0;0;11.7;10.96;12.74;12.91;12.01;12.11;11.11;11.64;10;0;11.8556701;4.411764706;1.142857143;0;0
3312 - Kab. Wonogiri;187;205;314;87;193;98;166.4;134;64.6;38.4;91.4;164.8;100.2;0;0;206;146;249;88;221;122;179.6328;14.3;65;39;92;173;115.6;0;0;11.02;7.12;7.92;10.06;11.45;12.45;10.79524038;10.68;10.0619195;10.15625;10.06564551;10.49757282;11.53692615;0;0
3313 - Kab. Karanganyar;5;4;0;0;0;5;0;11;0;0;0;0;0;0;0;6;4;0;0;0;5;0;1.3;0;0;0;0;0;0;0;11;10;0;0;0;10;0;12.06;0;0;0;0;0;0;0
3314 - Kab. Sragen;667;1069;1123;695;505;294;202;34;49.7;69.3;145.3;18.8;0;0;0;756;2009;1256;872;620;375;259.974;4.4;51;71;187.1;19.5;0;0;0;11.34;18.79;11.18;12.55;12.28;12.75;12.87;12.82;10.26156942;10.24531025;12.87680661;10.37234043;0;0;0
3315 - Kab. Grobogan;21486;24523;22385;12231;18183;22790;33095.1;27975;26174.2;23214.7;27071.7;30584.1;10827.9;0;0;23444;26758;24858;13052;21925;26317;39889.2447;3599.3;31197.5;39805.5;17889.8;34520.3;9952.6;0;0;10.91;10.91;11.1;10.67;12.06;11.55;12.0529156;12.87;11.91917996;17.14667861;6.608303136;11.28700861;9.191625338;0;0
3316 - Kab. Blora;3390;2591;4816;2188;1983;1724;887.1;834;1561.4;255.6;3483.7;1934.9;1573.7;0;0;3399;2379;4673;2445;1915;1994;801.7461;81;1520.4;308.6;3449.5;1986.2;1824.6;0;0;10.03;9.18;9.7;11.18;9.66;11.57;9.037832262;9.71;9.73741514;12.07355243;9.901828516;10.26512998;11.59433183;0;0
3317 - Kab. Rembang;5211;4598;3595;3699;2414;1961;1730.3;1307;1379.5;423.4;1075.7;1797.4;1507.8;0;0;5810;5505;3936;3551;2977;2238;1393.2303;101;1011.3;682;994.4;1753.8;1504;0;0;11.15;11.97;10.95;9.6;12.33;11.41;8.051958042;7.73;7.330916999;16.10769957;9.244213071;9.757427395;9.974797719;0;0
3318 - Kab. Pati;11365;13493;13790;10357;11300;9090;7325.3;9108;12530.5;5392.1;11750.9;11705.1;6038.9;0;0;15181;15239;16214;12510;12748;10075;9295.0481;1044.6;10314.2;5528.3;14452.3;12754.9;3773.3;0;0;13.36;11.29;11.76;12.08;11.28;11.08;12.68896578;11.47;8.231275687;10.25259175;12.29888774;10.89687401;6.24832337;0;0
3319 - Kab. Kudus;2255;4275;4455;954;2238;3960;2562.9;3874;3766.7;5085;3615.4;4065.4;182.1;0;0;2323;4643;4582;958;2419;4528;2466.2538;448.4;3736.4;5552;4291.9;4349.1;153.5;0;0;10.3;10.61;10.29;10.04;10.81;11.43;9.622902961;11.57;9.919558234;10.91838741;11.87116225;10.69784031;8.429434377;0;0
3320 - Kab. Jepara;64;55;45;45;30;24;13.5;4;6.7;0;5.8;14;61.5;0;0;70;80;57;57;38;30;16.9965;0.4;7;0;7.8;13.3;71.8;0;0;10.86;14.55;12.62;12.72;12.61;12.55;12.59;10.53;10.44776119;0;13.44827586;9.5;11.67479675;0;0
3321 - Kab. Demak;13043;29334;29285;13746;25421;27447;19118;25977;26297.8;28289.8;26114.6;23481.4;4753.4;0;0;17275;40695;39101;15874;34099;34536;25540.5786;3649.9;27726.8;34117.2;30835.1;22661.7;4354.8;0;0;13.24;13.87;13.35;11.55;13.41;12.58;13.35944063;14.05;10.54339146;12.05989438;11.80760954;9.650915192;9.161442336;0;0
3322 - Kab. Semarang;40;0;0;0;0;0;0;0;11.6;0;0;14.5;0;0;0;44;0;0;0;0;0;0;0;12;0;0;1.2;0;0;0;10.93;0;0;0;0;0;0;0;10.34482759;0;0;0.827586207;0;0;0
3323 - Kab. Temanggung;0;0;0;0;0;0;0;0;0;0;0;0;0;0;0;0;0;0;0;0;0;0;0;0;0;0;0;0;0;0;0;0;0;0;0;0;0;0;0;0;0;0;0;0;0
3324 - Kab. Kendal;1545;1696;2102;1461;1022;895;647.6;1025;881.2;749.4;236.2;388.1;530.9;0;0;1888;1933;2559;1684;1206;1088;860.7083;125.4;1176;938.3;321.2;535.4;907.5;0;0;12.22;11.4;12.17;11.53;11.8;12.16;13.29073965;12.24;13.34543804;12.52068321;13.59864522;13.79541355;17.09361462;0;0
3325 - Kab. Batang;0;4;8;2;0;1;0;16;7.8;1;5.9;31.3;40.2;0;0;0;4;9;2;0;1;0;1.6;8;1;21;27.1;2.4;0;0;0;10;11.11;10.44;0;10;0;10.19;10.25641026;10;35.59322034;8.658146965;0.597014925;0;0
3326 - Kab. Pekalongan;398;535;293;626;428;255;46.6;404;301.3;122;326.4;201;135.2;0;0;374;649;269;549;381;223;45.7756;35.9;312;126;241.7;1107.4;346.7;0;0;9.41;12.13;9.16;8.77;8.9;8.76;9.823090129;8.9;10.35512778;10.32786885;7.40502451;55.09452736;25.64349112;0;0
3327 - Kab. Pemalang;151;29;9;45;107;14;83.5;32;1;0;149.6;3;0;0;0;183;51;10;46;77;12;71.5363;0;0.7;0;197.6;2.2;0;0;0;12.14;17.59;10.59;10.2;7.24;8.58;8.567221557;0;7;0;13.20855615;7.333333333;0;0;0
3328 - Kab. Tegal;90;32;44;29;143;58;3;10;32.9;6.8;79.2;51.3;39.1;0;0;107;39;36;25;173;61;0;0;34;7;129;165;22;0;0;11.92;12.19;8.18;8.71;12.09;10.52;0;0;10.3343465;10.29411765;16.28787879;32.16374269;5.626598465;0;0
3329 - Kab. Brebes;4067;2912;846;2264;2456;1295;4472.7;2820;4575.2;2651.9;3738.1;3320;2947.2;0;0;4509;2943;923;2551;2800;1462;5098.3146;315.8;4792;2756;5334.8;3967.9;62.9;0;0;11.09;10.11;10.91;11.27;11.4;11.29;11.39874036;0;10.47385907;10.39254874;14.27142131;11.95150602;0.21342291;0;0
3371 - Kota Magelang;0;0;0;0;0;0;0;0;0;0;0;0;0;0;0;0;0;0;0;0;0;0;0;0;0;0;0;0;0;0;0;0;0;0;0;0;0;0;0;0;0;0;0;0;0
3372 - Kota Surakarta;0;0;0;0;0;0;0;0;0;0;0;0;0;0;0;0;0;0;0;0;0;0;0;0;0;0;0;0;0;0;0;0;0;0;0;0;0;0;0;0;0;0;0;0;0
3373 - Kota Salatiga;0;0;0;0;0;0;0;0;0;0;0;0;0;0;0;0;0;0;0;0;0;0;0;0;0;0;0;0;0;0;0;0;0;0;0;0;0;0;0;0;0;0;0;0;0
3374 - Kota Semarang;177;158;148;136;128;22;19.5;9;5.8;0;7.7;0;1;0;0;208;171;180;154;152;26;21.7581;1;6;0;0.8;0;1;0;0;11.73;10.82;12.18;11.29;11.91;11.82;11.158;11.91;10.34482759;0;1.038961039;0;10;0;0
3375 - Kota Pekalongan;0;0;0;0;0;0;0;5;0;6.8;4.8;0;0;0;0;0;0;0;0;0;0;0;0.3;0;7;1.4;0;0;0;0;0;0;0;0;0;0;0;4.42;0;10.29411765;2.916666667;0;0;0;0
3376 - Kota Tegal;0;0;0;0;0;0;0;0;0;0;0;0;0;0;0;0;0;0;0;0;0;0;0;0;0;0;0;0;0;0;0;0;0;0;0;0;0;0;0;0;0;0;0;0;0
3401 - Kab. Kulon Progo;191;134;165;146;106;106;143.5;324.2;236.1;151.3;219.3;177.3;314.9;0;0;118;82;98;80;65;62;82;179;276.4;155.6;128.5;149;169.6;0;0;6.18;6.12;5.94;5.48;6.13;5.85;5.71;5.52;0;0;0;0;0;0;0
3402 - Kab. Bantul;51;55;85;68;30;3;6.9;25.6;9.6;24.2;64.5;43.8;57.8;0;0;34;37;55;42;14;1;3;13;10;25;63.8;34.2;54;0;0;6.67;6.73;6.47;6.18;4.97;4.97;4.35;4.97;0;0;0;0;0;0;0
3403 - Kab. Gunung Kidul;780;403;240;329;290;271;310.6;169.1;202.1;104;353.7;347.6;295.6;0;0;456;235;139;189;173;157;204;109;165.6;112.3;363.3;372.9;274.2;0;0;5.85;5.83;5.79;5.74;5.97;5.79;6.57;6.45;0;0;0;0;0;0;0
3404 - Kab. Sleman;2;22;11;9;13;14;0;0;0;3.8;7.5;0;0;0;0;2;17;8;7;9;10;0;0;0;4;8;0;0;0;0;7.6;7.73;7.24;7.47;6.92;7.45;0;0;0;0;0;0;0;0;0
3471 - Kota Yogyakarta;0;0;0;0;0;0;0;0;0;0;0;0;0;0;0;0;0;0;0;0;0;0;0;0;0;0;0;0;0;0;0;0;0;0;0;0;0;0;0;0;0;0;0;0;0
3501 - Kab. Pacitan;57;52;48;40;0;51;29.2;0;137.5;129.4;131.2;140.9;64;0;0;57;54;49;0;0;54;0;0;175;133;151.7;149;60;0;0;10;10.38;10.16;0;0;10.59;0;0;0;0;0;0;0;0;0
3502 - Kab. Ponorogo;681;1774;1266;997;0;1379;1357.4;0;1325.2;679.7;842.8;772.9;136.1;0;0;831;2014;1493;0;0;1542;1546.9;0;1671.8;786.4;578;886;236.8;0;0;12.2;11.35;11.8;0;0;11.18;11.4;0;0;0;0;0;0;0;0
3503 - Kab. Trenggalek;9;35;10;26;0;107;2;0;43.4;74.3;343.4;79.8;5.9;0;0;9;33;9;0;0;1;2;0;44;75;929;113.2;10;0;0;10;9.43;9.26;0;0;0.09;10.1;0;0;0;0;0;0;0;0
3504 - Kab. Tulungagung;40;96;120;74;0;102;34;0;72.3;51.5;77.2;12.5;8.7;0;0;37;90;117;0;0;103;34.7;0;75;71.1;108.3;8.4;2.1;0;0;9.25;9.38;9.74;0;0;10.1;10.22;0;0;0;0;0;0;0;0
3505 - Kab. Blitar;869;464;169;143;0;288;141;0;247;34.6;216.7;238;123;0;0;878;491;178;0;0;275;135.1;0;247;35;235.9;200.4;136;0;0;10.1;10.58;10.51;0;0;9.55;9.58;0;0;0;0;0;0;0;0
3506 - Kab. Kediri;12;0;42;0;0;0;0;0;0;0;0;0;1;0;0;13;0;45;0;0;0;0;0;0;0;0;0;1.2;0;0;10.83;0;10.8;0;0;0;0;0;0;0;0;0;0;0;0
3507 - Kab. Malang;9;11;0;0;0;23;13.8;0;22;8;76.1;54.2;1;0;0;9;11;0;0;0;26;15.2;0;22;8;393.2;48.3;1;0;0;10;10;0;0;0;11.3;10.98;0;0;0;0;0;0;0;0
3508 - Kab. Lumajang;110;78;60;10;0;18;8;0;3;1;68.4;39.1;8;0;0;114;81;63;0;0;19;8.3;0;3;1;96;40;9;0;0;10.36;10.38;10.53;0;0;10.56;10.34;0;0;0;0;0;0;0;0
3509 - Kab. Jember;327;335;98;26;58;54;93.2;0;41.3;31.6;15.9;49;78.4;0;0;334;340;97;0;63;56;99.1;0;39;32;19.6;69.5;125.2;0;0;10.21;10.15;9.94;0;10.86;10.37;10.63;0;0;0;0;0;0;0;0
3510 - Kab. Banyuwangi;4156;3473;3438;3329;0;1207;1060;0;505;678.4;753.5;134.5;63.6;0;0;5254;4422;4339;0;0;1539;1217.9;0;510;679;7488;161.9;109.4;0;0;13.64;12.73;12.62;0;0;12.75;11.49;0;0;0;0;0;0;0;0
3511 - Kab. Bondowoso;105;78;140;240;0;102;43;0;41.9;50;121;59;20.9;0;0;102;78;143;0;0;112;43.2;0;42;51;1.5;64;20.6;0;0;9.71;10;10.22;0;0;10.98;10.04;0;0;0;0;0;0;0;0
3512 - Kab. Situbondo;496;483;207;195;0;121;113.6;0;99.6;45;59.5;196;130.8;0;0;497;509;213;0;0;139;123.2;0;101;45;49;181;104.3;0;0;10.02;10.54;10.28;0;0;11.49;10.84;0;0;0;0;0;0;0;0
3513 - Kab. Probolinggo;715;668;798;490;0;235;119.8;0;178.9;270;259.8;70.9;3;0;0;914;845;986;0;0;288;146.5;0;180;270;262;68;2.7;0;0;12.78;12.65;12.35;0;0;12.26;12.23;0;0;0;0;0;0;0;0
3514 - Kab. Pasuruan;2452;2343;1172;1473;0;1382;1210.1;0;980.3;146.9;287;114;129.8;0;0;2630;2505;1265;0;0;1587;1390.4;0;1005;150;425;210;157.2;0;0;10.73;10.69;10.79;0;0;11.48;11.49;0;0;0;0;0;0;0;0
3515 - Kab. Sidoarjo;694;1879;1827;1478;0;1583;846.5;0;1601.4;1785;636.2;921.2;552.4;0;0;761;1919;1936;0;0;1753;938;0;1674;1866;2488;1323.4;473.4;0;0;10.97;10.21;10.6;0;0;11.06;11.08;0;0;0;0;0;0;0;0
3516 - Kab. Mojokerto;1905;1836;1554;1765;0;1540;2155.3;0;1914.1;1613.6;1813.6;1812.5;1527.9;0;0;2276;1995;1743;0;0;1781;2401.7;0;2018;1702;3088.3;1214.4;1765.6;0;0;11.95;10.87;11.22;0;0;11.56;11.14;0;0;0;0;0;0;0;0
3517 - Kab. Jombang;204;196;122;99;0;210;120.8;0;62.9;48.3;61.8;62.7;34.8;0;0;202;199;128;0;0;229;132;0;65;50;38;17.4;4.3;0;0;9.9;10.15;10.46;0;0;10.9;10.92;0;0;0;0;0;0;0;0
3518 - Kab. Nganjuk;1419;2004;506;1084;0;1017;486.2;0;731.1;428.8;683.6;638.4;782.9;0;0;1491;2094;545;0;0;1108;517;0;800.1;447;11.3;115.5;1162.5;0;0;10.51;10.45;10.76;0;0;10.89;10.63;0;0;0;0;0;0;0;0
3519 - Kab. Madiun;2502;3095;1485;602;0;2785;1619.3;0;2369.2;2972.9;2055.5;2670.1;2873.3;0;0;3090;3425;1714;0;0;3398;1786.1;0;2757;3146.7;2550.8;5534.9;3831.4;0;0;12.35;11.07;11.55;0;0;12.2;11.03;0;0;0;0;0;0;0;0
3520 - Kab. Magetan;57;82;54;22;0;53;21.9;0;73.6;51.6;597.8;406.9;400.2;0;0;60;86;58;0;0;60;20.4;0;79;54;611;692;712.3;0;0;10.53;10.49;10.82;0;0;11.32;9.32;0;0;0;0;0;0;0;0
3521 - Kab. Ngawi;295;194;156;165;0;184;121.2;0;308.1;215.5;219.9;167;132;0;0;331;220;182;0;0;203;135.7;0;319;223;267;264.5;61;0;0;11.22;11.34;11.69;0;0;11.03;11.19;0;0;0;0;0;0;0;0
3522 - Kab. Bojonegoro;6318;4211;4886;3709;0;5342;7081.4;0;4774.4;2491.4;4027.1;4141.2;3035.9;0;0;8427;5248;6509;0;0;7078;8579.1;0;4857;2543;2238;3317.8;942.8;0;0;13.34;12.46;13.32;0;0;13.25;12.11;0;0;0;0;0;0;0;0
3523 - Kab. Tuban;8073;7759;5097;4590;0;2935;3280.1;0;879.6;708.6;581.5;971;937.8;0;0;10220;9909;6615;0;0;3873;4086.2;0;2151.7;601.7;649.1;1065.4;1123;0;0;12.66;12.77;12.98;0;0;13.2;12.35;0;0;0;0;0;0;0;0
3524 - Kab. Lamongan;5148;5872;7951;4658;0;7938;8114.4;0;3970.5;4785;5043.9;7298.2;2970.8;0;0;6896;7352;10027;0;0;10655;9389;0;3986.6;5016;3170.3;9488.8;2841.7;0;0;13.4;12.52;12.61;0;0;13.42;11.57;0;0;0;0;0;0;0;0
3525 - Kab. Gresik;1432;2555;1251;1847;0;1811;2427.1;0;1426.5;332;469;274.7;475.9;0;0;1540;2710;1353;0;0;2139;2741.7;0;1439;334;609;440.2;631.1;0;0;10.75;10.61;10.82;0;0;11.81;11.3;0;0;0;0;0;0;0;0
3526 - Kab. Bangkalan;4537;3679;2924;2155;0;1909;2534.7;0;1684.2;1225.7;3338.6;1251.4;1494;0;0;4890;4030;3192;0;0;2229;2874.9;0;2280.4;1226.4;1007.5;1039.5;1246.6;0;0;10.78;10.95;10.92;0;0;11.68;11.34;0;0;0;0;0;0;0;0
3527 - Kab. Sampang;10757;11767;10980;11568;0;11332;5552.2;0;4957.1;5440.8;4492.1;4941.1;7544.1;0;0;12001;13797;12793;0;0;13139;6343.9;0;9969;5325;3979;4355.5;8877.9;0;0;11.16;11.73;11.65;0;0;11.59;11.43;0;0;0;0;0;0;0;0
3528 - Kab. Pamekasan;596;809;919;721;0;883;747.9;0;761;877;611.7;1409;1191.9;0;0;644;848;967;0;0;962;818.3;0;801.6;928.6;686.3;1425.3;1149.3;0;0;10.81;10.48;10.53;0;0;10.89;10.94;0;0;0;0;0;0;0;0
3529 - Kab. Sumenep;13826;12726;8516;7269;0;11514;10203.1;0;2810.2;10962;12842.5;14256;7451;0;0;15309;14957;9936;0;0;13386;11217.5;0;3373.5;14317.8;18452.1;20480.9;10015.2;0;0;11.07;11.75;11.67;0;0;11.63;11;0;0;0;0;0;0;0;0
3571 - Kota Kediri;0;2;0;0;0;0;0;0;0;0;0;2;7.7;0;0;0;2;0;0;0;0;0;0;0;0;0;0.9;3.6;0;0;0;10;0;0;0;0;0;0;0;0;0;0;0;0;0
3572 - Kota Blitar;0;0;0;0;0;0;0;0;0;0;0;0;0;0;0;0;0;0;0;0;0;0;0;0;0;0;0;0;0;0;0;0;0;0;0;0;0;0;0;0;0;0;0;0;0
3573 - Kota Malang;2;0;0;0;0;0;0;0;0;0;0;0;0;0;0;2;0;0;0;0;0;0;0;0;0;0;0;0;0;0;0;0;0;0;0;0;0;0;0;0;0;0;0;0;0
3574 - Kota Probolinggo;6;0;1;0;0;0;0;0;0;0;0;0;0;0;0;6;0;1;0;0;0;0;0;0;0;0;0;0;0;0;0;0;0;0;0;0;0;0;0;0;0;0;0;0;0
3575 - Kota Pasuruan;0;0;0;0;0;0;0;0;0;0;0;0;0;0;0;0;0;0;0;0;0;0;0;0;0;0;0;0;0;0;0;0;0;0;0;0;0;0;0;0;0;0;0;0;0
3576 - Kota Mojokerto;26;30;43;20;0;24;0;0;2.8;2.8;4.7;2.4;0;0;0;23;27;41;0;0;25;0;0;3;3;16;1;0;0;0;8.85;9;9.42;0;0;10.45;0;0;0;0;0;0;0;0;0
3577 - Kota Madiun;31;36;37;31;0;41;46.4;0;84.3;71.9;148.7;151.5;154.3;0;0;28;36;36;0;0;43;49;0;89;76;196;160;167;0;0;9.03;10;9.82;0;0;10.56;10.56;0;0;0;0;0;0;0;0
3578 - Kota Surabaya;2;2;4;19;0;21;13.6;0;1.9;2.9;3.9;1.9;12.2;0;0;2;2;4;0;0;19;12.9;0;2;3;2.8;1.8;13.1;0;0;10;10;10.27;0;0;10.15;9.49;0;0;0;0;0;0;0;0
3579 - Kota Batu;0;0;0;0;0;0;0;0;0;0;0;0;0;0;0;0;0;0;0;0;0;0;0;0;0;0;0;0;0;0;0;0;0;0;0;0;0;0;0;0;0;0;0;0;0
3601 - Kab. Pandeglang;458;484;300;289;622;256;185;116.4;223.8;845.3;206.4;116.8;40;0;0;368;379;242;236;515;199.02;149;86.12;351.7;873;334.8;100.3;111.8;0;0;8.04;7.84;8.05;8.15;8.28;7.77;8.05;0;0;0;0;0;0;0;0
3602 - Kab. Lebak;133;62;89;197;86;56;66;26;13;17;2;43.7;14.8;0;0;110;50;73;161;71;45.53;54;18.99;13;27;2;32.4;13;0;0;8.29;8.05;8.18;8.17;8.31;8.13;8.2;0;0;0;0;0;0;0;0
3603 - Kab. Tangerang;0;1;0;0;0;0;8;0;0;0;0;0;0;0;0;0;1;0;0;0;0;6;0;0;0;0;0;0;0;0;0;8.15;0;0;0;0;7.93;0;0;0;0;0;0;0;0
3604 - Kab. Serang;806;325;414;246;236;193;138;106;40.6;32.7;25.9;72;28;0;0;668;259;342;201;195;154.91;112;79.53;41;33;19;69.4;27;0;0;8.29;7.95;8.27;8.17;8.28;8.03;8.08;0;0;0;0;0;0;0;0
3671 - Kota Tangerang;0;0;0;0;0;0;0;0;0;0;0;0;0;0;0;0;0;0;0;0;0;0;0;0;0;0;0;0;0;0;0;0;0;0;0;0;0;0;0;0;0;0;0;0;0
3672 - Kota Cilegon;64;56;46;34;38;38;21;32.4;38;39;44;66;52.5;0;0;53;44;38;28;32;30.65;16;25.59;36.9;37.1;37.2;86.1;56.9;0;0;8.35;7.94;8.2;8.2;8.31;8.07;8.02;0;0;0;0;0;0;0;0
3673 - Kota Serang;191;240;188;56;105;135;114;15;32;24.1;10.5;6;15.3;0;0;159;194;156;47;88;110.13;94;10.47;32;21;7.5;4.2;18;0;0;8.33;8.09;8.32;8.32;8.34;8.16;8.28;0;0;0;0;0;0;0;0
3674 - Kota Tangerang Selatan;0;0;0;0;0;2;0;0;0;0;0;0;0;0;0;0;0;0;0;0;1.66;0;0;0;0;0;0;0;0;0;0;0;0;0;0;8.3;0;0;0;0;0;0;0;0;0
5101 - Kab. Jembrana;132;80;139;98;92;52;195;52;187.6;99.2;150.2;69;25.5;0;0;190;83;181;94;132;42;243;42;327;110.1;124.3;94.9;24.6;0;0;14.36;10.36;13.06;9.56;14.35;8.1;12.46153846;0.08;0;0;0;0;0;0;0
5102 - Kab. Tabanan;0;0;0;2;0;2;0;2;0;0;0;4.8;0;0;0;0;0;0;2;0;0;0;0;0;0;0;1;0;0;0;0;0;0;9;0;0;0;0;0;0;0;0;0;0;0
5103 - Kab. Badung;4;8;0;14;1;0;1;0;1.9;2.9;42.2;0;6.7;0;0;4;8;0;12;1;0;1;0;2;3;41.2;0;10.5;0;0;10.11;10.11;0;9;10;0;10;0;0;0;0;0;0;0;0
5104 - Kab. Gianyar;19;8;41;46;22;33;63.9;33;8.7;28.1;0;2.9;2.9;0;0;21;8;49;52;23;51;140;51;9;29;0;2.5;1.5;0;0;11.04;10.2;12.07;11.23;10.45;15.5;21.90923318;0.15;0;0;0;0;0;0;0
5105 - Kab. Klungkung;62;54;44;37;30;34;26;34;0;0;0;0;0;0;0;61;54;44;37;31;35;27.014;35;0;0;0;0;0;0;0;9.9;10.01;10.09;10.09;10.33;10.3;10.39;0.1;0;0;0;0;0;0;0
5106 - Kab. Bangli;0;0;0;0;0;0;0;0;0;0;0;0;0;0;0;0;0;0;0;0;0;0;0;0;0;0;0;0;0;0;0;0;0;0;0;0;0;0;0;0;0;0;0;0;0
5107 - Kab. Karang Asem;290;350;942;637;326;305;0;305;0;0;0;0;0.1;0;0;296;356;957;647;331;229;0;229;0;0;0;0;0.1;0;0;10.22;10.06;10.15;10.16;10.15;7.5;0;0.08;0;0;0;0;0;0;0
5108 - Kab. Buleleng;257;481;390;295;330;134;206.1;134;158.9;150.1;92.4;139.8;151.1;0;0;181;373;297;343;423;159;178.9619;159;167.3;151.8;66.2;123.1;153.3;0;0;7;8;8;12;12.82;11.9;8.683255701;0.12;0;0;0;0;0;0;0
5171 - Kota Denpasar;0;2;0;0;0;0;0;0;1.9;0;0;0;1.9;0;0;0;2;0;0;0;0;0;0;2;0;0;0;2.7;0;0;0;10;0;0;0;0;0;0;0;0;0;0;0;0;0
5201 - Kab. Lombok Barat;189;334;371;172;432;259;407;284;230.9;209.5;61;338.2;140.8;0;0;214;357;431;264;762;224;132;337;221;313;19;351;81;0;0;11.32;10.69;11.62;15.32;17.64;8.65;3.24;11.87;0;0;0;0;0;0;0
5202 - Kab. Lombok Tengah;795;625;347;180;154;600;1650;629;627.7;1085.9;840.4;1212.7;67.2;0;0;793;653;394;188;121;526;1026;591;655;1296;1131.2;1071;1318.8;0;0;9.97;10.45;11.36;10.44;7.86;8.77;6.22;9.4;0;0;0;0;0;0;0
5203 - Kab. Lombok Timur;1194;1156;730;550;622;1054;569;513;303.1;86.4;659.6;253;760.8;0;0;1282;1244;854;626;757;808;414;381;218;92.5;748.3;270.4;227.4;0;0;10.74;10.76;11.7;11.38;12.17;7.67;7.28;7.43;0;0;0;0;0;0;0
5204 - Kab. Sumbawa;33880;32518;17311;14225;10460;13891;20663;8255;5726;2082.7;6427.3;10875.8;105;0;0;37489;36305;21457;15473;11881;15666;20656;6996;7914;2953.9;9789;15596;12247;0;0;11.07;11.16;12.4;10.88;11.36;11.28;10;8.47;0;0;0;0;0;0;0
5205 - Kab. Dompu;5342;5502;5330;3038;3684;5550;8897;3963;2276.1;2902.7;5011;3467.8;10;0;0;5839;5965;6282;3676;3881;6779;14233;4371;2739;3465;6029.8;4182.6;5110.8;0;0;10.93;10.84;11.79;12.1;10.53;12.21;16;11.03;0;0;0;0;0;0;0
5206 - Kab. Bima;1205;3977;1771;660;337;1315;2220;1246;468.1;475.7;1322.2;1797.6;367;0;0;1413;4756;2302;1229;692;2514;3871;1421;472;313.5;710;1615.9;527.5;0;0;11.73;11.96;13;18.62;20.53;19.12;17.44;11.4;0;0;0;0;0;0;0
5207 - Kab. Sumbawa Barat;2541;1079;1871;536;665;617;1042;360;112;198.8;1437;343.7;0;0;0;2610;1263;2381;606;94;537;1129;80;117;189.7;1482.6;402;65.8;0;0;10.27;11.71;12.72;11.3;1.41;8.7;10.83;2.22;0;0;0;0;0;0;0
5208 - Kab. Lombok Utara;76;0;28;7;32;14;33;7;6.8;2;5;11.8;145;0;0;76;0;35;12;21;8;38;16;7;2.5;102;24.8;3.6;0;0;10;0;12.42;17;6.56;5.71;11.62;23.77;0;0;0;0;0;0;0
5271 - Kota Mataram;2;125;3;0;0;4;0;3;0;0;0;0;0;0;0;2;119;3;0;0;1;0;3;0;0;0;0;0;0;0;10;9.52;11.38;0;0;2.5;0;0;0;0;0;0;0;0;0
5272 - Kota Bima;287;35;13;6;9;11;108;62;47;12.7;29.2;29.2;45;0;0;294;40;13;6;9;11;103;61;48;13;30;30;45;0;0;10.24;11.43;10.35;9.89;10;10;9.54;9.89;0;0;0;0;0;0;0
5301 - Kab. Sumba Barat;260;102;345;430;400;13;17;0;141;75;8;134;128;0;0;237;96;319;396;3;11;0;0;141;74;5.7;46.6;29.9;0;0;9.12;9.38;0;9.21;7.71;8.5;0;0;10;9.866666667;7.125;3.47761194;2.3359375;0;0
5302 - Kab. Sumba Timur;286;389;262;223;223;234;197.3;0;412;184;331;129;54;0;0;298;354;244;203;204;58;0;0;348.2;189.6;188.5;118;50;0;0;10.44;9.1;0;9.08;9.15;2.5;0;0;8.451456311;10.30434783;5.694864048;9.147286822;9.259259259;0;0
5303 - Kab. Kupang;3844;546;415;138;137;196;144.4;0;143.7;124.8;296.4;378.2;143.9;0;0;1708;452;361;119;116;85;0;0;67.8;232.5;147.5;202.1;61.6;0;0;4.44;8.27;0;8.6;8.45;4.3;0;0;4.718162839;18.62980769;4.976383266;5.343733474;4.280750521;0;0
5304 - Kab. Timor Tengah Selatan;1607;704;394;1043;627;626;554;0;869;1390.8;1771;1049;1317;0;0;1658;594;329;859;510;626;0;0;869;1385;1815;1048.7;1197.6;0;0;10.32;8.43;0;8.23;8.13;10.8;0;0;10;9.958297383;10.2484472;9.997140133;9.093394077;0;0
5305 - Kab. Timor Tengah Utara;825;352;394;678;171;275;259.4;0;188.8;266.8;327;528.7;275.9;0;0;848;308;164;610;153;232;0;0;191;256.3;69.8;311.3;164.5;0;0;10.28;8.74;0;8.99;8.93;0;0;0;10.11652542;9.606446777;2.134556575;5.888027237;5.962305183;0;0
5306 - Kab. Belu;1869;1839;1895;2577;2432;866;645.1;0;1309.3;1393.5;1369.8;1286.3;1562.4;0;0;1761;1401;1551;2068;2020;711;0;0;991.4;995;952;918.4;1160.3;0;0;9.42;7.62;0;8.03;8.31;8.2;0;0;7.57198503;7.140294223;6.949919696;7.139858509;7.426395289;0;0
5307 - Kab. Alor;180;195;74;181;157;150;180;0;217;302;247;181;86;0;0;180;164;62;153;132;146;0;0;170;238;199;146.6;302.2;0;0;10.01;8.4;0;8.47;8.38;9.7;0;0;7.834101382;7.880794702;8.056680162;8.099447514;35.13953488;0;0
5308 - Kab: Lembata;81;282;137;212;320;340;145;0;66;121;169;149;46;0;0;72;235;115;178;268;528;0;0;48.5;121;10;43;5.7;0;0;8.93;8.33;0;8.41;8.37;15.5;0;0;7.348484848;10;0.591715976;2.88590604;1.239130435;0;0
5309 - Kab. Flores Timur;418;180;268;649;58;573;463.2;0;714;733;761;529;517;0;0;466;152;225;500;36;527;0;0;1202;382;733;200.5;97.6;0;0;11.15;8.42;0;7.71;6.18;9.2;0;0;16.83473389;5.211459754;9.632063075;3.790170132;1.887814313;0;0
5310 - Kab. Sikka;1446;2875;3662;1459;2632;2292;2477.8;0;1975.6;2495.5;1384.6;2029.2;1693.9;0;0;1383;2387;3147;1266;2288;1926;0;0;1765.4;2373;1372.9;1613.3;1496.1;0;0;9.56;8.3;0;8.67;8.69;8.4;0;0;8.936019437;9.50911641;9.915499061;7.950423812;8.832280536;0;0
5311 - Kab. Ende;237;32;32;52;7;73;47.5;0;43;115.9;45.4;17.7;86;0;0;223;26;27;43;6;120;0;0;39.3;19.8;65.4;24.9;58.7;0;0;9.39;8.17;0;8.19;8.35;16.4;0;0;9.139534884;1.708369284;14.40528634;14.06779661;6.825581395;0;0
5312 - Kab. Ngada;280;121;126;15;62;109;74;0;30;13;11;202;57;0;0;316;94;109;13;51;79;0;0;29;13;9.1;110.3;25.5;0;0;11.28;7.79;0;8.38;8.3;7.3;0;0;9.666666667;10;8.272727273;5.46039604;4.473684211;0;0
5313 - Kab. Manggarai;1065;767;575;108;176;125;97.5;0;119.2;83.1;42.8;67;20.8;0;0;1189;644;503;90;139;149;0;0;85;119;127;97.7;31.2;0;0;11.17;8.4;0;8.32;7.88;11.9;0;0;7.130872483;14.32009627;29.6728972;14.58208955;15;0;0
5314 - Kab. Rote Ndao;197;120;144;171;169;137;169.2;0;151.8;79;145.3;42;40;0;0;123;103;122;147;143;119;0;0;151;75.8;135.6;44.2;39.4;0;0;6.27;8.55;0;8.59;8.45;8.7;0;0;9.947299078;9.594936709;9.332415692;10.52380952;9.85;0;0
5315 - Kab. Manggarai Barat;1197;898;574;199;316;486;245.6;0;52;191;262;266;100;0;0;1190;836;533;185;292;492;0;0;52;220.3;504.2;340.8;136.6;0;0;9.94;9.31;0;9.28;9.25;10.1;0;0;10;11.53403141;19.24427481;12.81203008;13.66;0;0
5316 - Kab. Sumba Tengah;658;252;111;18;28;0;90;0;131;81;4;178;296;0;0;462;219;742;17;25;0;0;0;131;81;1.5;135.5;189.3;0;0;7.03;8.7;0;9.21;8.99;0;0;0;10;10;3.75;7.612359551;6.39527027;0;0
5317 - Kab. Sumba Barat Daya;282;552;804;259;408;327;389;0;226;311;0;72;0;0;0;271;501;105;239;369;296;0;0;226;311;0;88.2;0;0;0;9.59;9.08;0;9.21;9.05;9.1;0;0;10;10;0;12.25;0;0;0
5318 - Kab. Nagekeo;427;113;181;79;87;151;99;0;71;30;90;22;8;0;0;479;95;158;69;75;142;0;0;62.2;25.6;74.5;19.4;7.4;0;0;11.23;8.42;0;8.77;8.6;9.4;0;0;8.76056338;8.533333333;8.277777778;8.818181818;9.25;0;0
5319 - Kab. Manggarai Timur;600;427;476;906;452;260;350.8;0;208.5;186.4;167.4;256.9;110.9;0;0;590;385;439;827;413;52;0;0;211.7;95.3;224.9;222.2;103.3;0;0;9.84;9.02;0;9.13;9.14;2;0;0;10.15347722;5.112660944;13.4348865;8.649279875;9.314697926;0;0
5320 - Kab. Sabu Raijua;0;1549;2525;2471;2079;1697;1203;0;1288;1257;1076;1033;1264;0;0;0;1353;2221;2161;1877;766;0;0;532.8;1021.6;618.4;604.8;506.5;0;0;0;8.73;0;8.75;9.03;4.5;0;0;4.136645963;8.127287192;5.747211896;5.854791868;4.007120253;0;0
5321 - Kab. Malaka;0;0;0;0;0;2199;2737;0;3879;4395;4054;5118;4751;0;0;0;0;0;0;0;2651;0;0;3004.4;3379.3;3310.1;2634.3;3656.3;0;0;0;0;0;0;0;12.1;0;0;7.745295179;7.688964733;8.1650222;5.147127784;7.695853505;0;0
5371 - Kota Kupang;8;12;1;1;3;1;0;0;0;1;1;0;0;0;0;6;10;1;1;3;1;0;0;0;1;1;0;0;0;0;7.8;8.31;0;8.43;8.35;1;0;0;0;10;10;0;0;0;0
6101 - Kab. Sambas;1454;2099;943;633;0;1376;1833;1776.4;1598.8;1015.3;626.8;285.7;452;0;0;1054;1541;715;483;0;1043;1389;1346.5108;1512;1167.8;775.3;241.2;507.5;0;0;7.25;7.34;7.58;8;0;7.58;7.58;7.579997748;0;0;0;0;0;0;0
6102 - Kab. Bengkayang;109;19;59;33;0;46;33;1;8;6;11;23;8;0;0;72;58;38;21;0;28;19;0.641;8;4;5.5;16;8;0;0;6.63;6.42;6.48;6;0;6.17;5.81;6.41;0;0;0;0;0;0;0
6103 - Kab. Landak;138;11;21;19;0;0;0;0;0;0;0;0;2;0;0;96;8;15;13;0;0;0;0;0;0;0;0;1.7;0;0;6.97;6.98;7;7;0;0;0;0;0;0;0;0;0;0;0
6104 - Kab. Mempawah;16;32;50;9;0;5;15;11;5;3;5;7;3.5;0;0;12;18;38;7;0;4;13;9.219;5;3;3;19.6;2.8;0;0;7.5;7.63;7.61;8;0;8;8.43;8.380909091;0;0;0;0;0;0;0
6105 - Kab. Sanggau;13;0;2;1;0;0;0;0;0;0;5;0;0;0;0;8;0;1;1;0;0;0;0;0;0;5;0;0;0;0;6.44;0;6.96;7;0;0;0;0;0;0;0;0;0;0;0
6106 - Kab. Ketapang;5;12;7;0;0;0;0;0;0;0;0;4;0;0;0;3;8;5;0;0;0;0;0;0;0;0;4.2;0;0;0;6.58;6.64;6.71;0;0;0;0;0;0;0;0;0;0;0;0
6107 - Kab. Sintang;45;41;28;7;0;11;6;4;2;12;6;1;0;0;0;34;31;22;6;0;9;5;3.5;2;12;3.2;1;0;0;0;7.55;7.67;7.74;9;0;8.46;8.33;8.75;0;0;0;0;0;0;0
6108 - Kab. Kapuas Hulu;30;24;21;18;0;1;7;1;1;1;0;1;9;0;0;22;18;16;14;0;1;7;1.0355;1;1;0;1;6.5;0;0;7.44;7.4;7.43;6;0;10;10;10.355;0;0;0;0;0;0;0
6109 - Kab. Sekadau;0;0;2;0;0;6;0;0;0;2;1;3;8;0;0;0;0;1;0;0;4;0;0;0;1.8;1;3;0.5;0;0;0;0;5.88;0;0;6.06;0;0;0;0;0;0;0;0;0
6110 - Kab. Melawi;5;0;4;3;0;1;1;0;2;0;0;1;0;0;0;3;0;2;1;0;1;1;0;2;0;0;0.5;0;0;0;6.13;0;6.13;4;0;10;10;0;0;0;0;0;0;0;0
6111 - Kab. Kayong Utara;0;2;2;3;0;0;1;0;0;0;0;0;0;0;0;0;1;1;2;0;0;2;0;0;0;0;0;0;0;0;0;6;6.06;6;0;0;16.13;0;0;0;0;0;0;0;0
6112 - Kab. Kubu Raya;6;5;11;7;0;15;9;9.5;15;1.8;3.2;2.5;0;0;0;4;4;8;5;0;11;6;7.0695;15;1.8;2.2;2.2;0;0;0;7.03;7.06;7.06;7;0;7.14;7.16;7.441578947;0;0;0;0;0;0;0
6171 - Kota Pontianak;0;0;0;0;0;0;0;0;0;0;0;0;0;0;0;0;0;0;0;0;0;0;0;0;0;0;0;0;0;0;0;0;0;0;0;0;0;0;0;0;0;0;0;0;0
6172 - Kota Singkawang;0;0;0;0;0;1;0;0;0;0;0;0;0;0;0;0;0;0;0;0;1;0;0;0;0;0;0;0;0;0;0;0;0;0;0;7;0;0;0;0;0;0;0;0;0
6201 - Kab. Kota Waringin Barat;30;90;9;15;4;5;0;3.1;0.1;2.6;2.3;1.5;0.4;0;0;25;7;7;14;3;4;0;3.1;0.1;0.4;0.1;2.398150763;0.2;0;0;8.33;7.78;7.78;9.33;7.5;8;0;10;0;0;0;0;0;0;0
6202 - Kab. Kota Waringin Timur;1;0;0;3;1;0;0;1;0;6;8.2;0;0;0;0;1;0;0;3;1;0;0;1;0;0;0.2;0;0;0;0;10;0;0;10;10;0;0;10;0;0;0;0;0;0;0
6203 - Kab. Kapuas;14;8;62;43;1;0;2;0;0.5;1;0;4;0;0;0;12;8;51;35;1;0;2;0;1;0.6;0;6.318785104;0.5;0;0;8.2;8.2;8.23;8.09;10;0;10;0;0;0;0;0;0;0;0
6204 - Kab. Barito Selatan;51;7;2;2;2;2;3;0;1;28.5;76;7;2;0;0;43;5;2;2;2;2;3;0;1;1;14;11.89852816;2;0;0;8.2;8.2;10;10;10;10;10;0;0;0;0;0;0;0;0
6205 - Kab. Barito Utara;13;22;68;27;10;7;17;3;5;0;2;0;2;0;0;11;18;54;22;8;6;14.5;2.854857143;4.8;9.4;5.9;0;18;0;0;8.2;8.2;7.94;8.15;8;8.57;8.529411765;9.516190476;0;0;0;0;0;0;0
6206 - Kab. Sukamara;0;3;7;3;1;3;6;4;7;0;0;0;0;0;0;0;3;7;3;1;3;6;4;8;0;0;0;0;0;0;0;8.2;10;10;10;10;10;10;0;0;0;0;0;0;0
6207 - Kab. Lamandau;60;29;25;24;47;26;5;7;2;0;0;0.5;2.2;0;0;47;24;20;18;39;22;4.5;6.5;2;1;0;0.772033318;0;0;0;7.83;8.28;8;7.5;8.3;8.46;9;9.285714286;0;0;0;0;0;0;0
6208 - Kab. Seruyan;3;5;2;0;0;0;1;0;0;0;0;5;0;0;0;3;5;2;0;0;0;0.75;0;0;0;0;7.745376565;0.5;0;0;8.2;8.2;10;0;0;0;0;0;0;0;0;0;0;0;0
6209 - Kab. Katingan;1;7;7;3;4;4;2;1;1;3;0;0;0;0;0;1;6;7;3;4;3;1.5;1;1;2;0;0;0;0;0;10;8.57;10;10;10;7.5;7.5;10;0;0;0;0;0;0;0
6210 - Kab. Pulang Pisau;2;0;0;0;0;0;0;0;0;0;0;0;0;0;0;2;0;0;0;0;0;0;0;0;0;0;0;0;0;0;8.2;0;0;0;0;0;0;0;0;0;0;0;0;0;0
6211 - Kab. Gunung Mas;0;0;0;0;0;0;0;0;0;35;0;0.2;0;0;0;0;0;0;0;0;0;0;0;0;0;0;0.355803397;0;0;0;0;0;0;0;0;0;0;0;0;0;0;0;0;0;0
6212 - Kab. Barito Timur;17;25;9;7;0;5;5;3;3;12;5;1;1;0;0;14;18;7;5;0;4;3.333333333;1.81546875;3;1;2.2;1.594153407;1.8;0;0;8.1;8.1;7.78;7.14;0;8;6.666666667;6.0515625;0;0;0;0;0;0;0
6213 - Kab. Murung Raya;14;10;18;0;0;0;0;0;0;0;0;0;0;0;0;11;9;15;0;0;0;0;0;0;0;0;0;0;0;0;8.1;8.1;8.33;0;0;0;0;0;0;0;0;0;0;0;0
6271 - Kota Palangkaraya;0;0;1;0;0;0;0;0;0;0;0;0.5;0;0;0;0;0;1;0;0;0;0;0;0;0;0;0.889508493;0;0;0;0;0;10;0;0;0;0;0;0;0;0;0;0;0;0
6301 - Kab. Tanah Laut;102;105;111;81;120;80;93;92;99.9;92;32;3;1910.5;0;0;104;108;114;86;127;76;86.99;84.772;100;76;85.3;68;55.2;0;0;10.23;10.26;10.25;10.56;10.58;9.44;9.35;9.21;0;0;0;0;0;0;0
6302 - Kab. Kota Baru;716;301;241;193;91;32;111;212.9;137;16;5;0;0;0;0;742;314;260;207;98;32;114.37;220.3151;273;43.4;12.8;9.8;3.8;0;0;10.37;10.43;10.78;10.74;10.8;10.15;10.3;10.35;0;0;0;0;0;0;0
6303 - Kab. Banjar;38;23;33;69;105;81;80.1;66.7;81;290;0;1;742.7;0;0;39;24;34;72;110;81;79.83;65.8142;65.8;42.5;17.6;6.8;6.7;0;0;10.31;10.34;10.29;10.45;10.51;9.94;9.97;9.87;0;0;0;0;0;0;0
6304 - Kab. Barito Kuala;0;0;0;0;0;0;0;0;0;178.5;299.7;478.9;85.6;0;0;0;0;0;0;0;0;0;0;0;0;0;0;0;0;0;0;0;0;0;0;0;0;0;0;0;0;0;0;0;0
6305 - Kab. Tapin;65;3;0;0;4;15;25;2;6;482.5;0;0;139;0;0;66;3;0;0;4;14;25.88;2.032;7;0;3.1;8;0;0;0;10.16;10.21;0;0;10.48;9.33;0;0;0;0;0;0;0;0;0
6306 - Kab. Hulu Sungai Selatan;16;16;7;5;23;25;28.7;8;13;0;0;2;0;0;0;16;17;7;5;25;26;29.48;8.202;14.4;6.8;2;2;0;0;0;10.29;10.55;10.56;10.59;10.73;10.31;10.27;10.25;0;0;0;0;0;0;0
6307 - Kab. Hulu Sungai Tengah;123;67;178;173;213;320;293;210.1;202.4;154.7;0;0;0;0;0;129;71;193;190;232;347;313.95;231.631;205;27;74.8;36;12.9;0;0;10.45;10.58;10.85;10.97;11.02;10.83;10.72;11.02;0;0;0;0;0;0;0
6308 - Kab. Hulu Sungai Utara;6;7;5;2;2;10;5;3;2;0;0;0;0;0;0;6;8;5;2;2;6;5.33;3.315;2;2.8;3.2;3.2;2.1;0;0;10.62;10.86;10.67;10.49;10.67;5.53;10.67;11.05;0;0;0;0;0;0;0
6309 - Kab. Tabalong;152;148;136;135;157;35;9;2;8;565;509;0;707;0;0;157;155;146;146;172;35;8.78;1.942;8;1.1;13.7;3.9;2.2;0;0;10.35;10.45;10.74;10.85;10.97;9.96;9.75;9.71;0;0;0;0;0;0;0
6311 - Kab. Tanah Bumbu;14;14;26;18;15;6;19;18;8;1674;647;2;226;0;0;14;14;27;19;16;6;19.71;18.51;8;3;9.8;8.1;1;0;0;10.03;10.27;10.38;10.32;10.54;10.2;10.37;10.28;0;0;0;0;0;0;0
6312 - Kab. Balangan;60;55;50;27;29;30;32;36;36.9;278;270;0;183;0;0;62;56;56;30;32;34;32.08;39.792;37;36;100;0;0;0;0;10.39;10.2;11.12;11.2;11.29;11.27;10.02;11.05;0;0;0;0;0;0;0
6371 - Kota Banjarmasin;0;0;0;0;0;0;0;0;0;0;0;0;0;0;0;0;0;0;0;0;0;0;0;0;0;0;0;0;0;0;0;0;0;0;0;0;0;0;0;0;0;0;0;0;0
6372 - Kota Banjarbaru;0;5;0;0;0;0;1;0;0;0;0;0;0;0;0;0;5;0;0;0;0;0.97;0;0;0;1.2;1.2;0;0;0;0;10;0;0;0;0;0;0;0;0;0;0;0;0;0
6401 - Kab. Paser;55;50;13;17;22;0;16;0;5;7;16;14;4;0;0;60;54;14;19;25;0;0;0;5;6;13.6;13.2;4;0;0;10.92;10.8;10.77;11.18;11.25;0;0;0;10;8.571428571;8.5;9.428571429;10;0;0
6402 - Kab. Kutai Barat;23;52;59;24;6;0;10;0;0;3.5;4;0;0;0;0;26;58;65;26;7;0;0;0;0;3.5;5;0;0;0;0;11.15;11.15;11.02;10.83;11.03;0;0;0;0;10;12.5;0;0;0;0
6403 - Kab. Kutai Kertanegara;317;285;209;192;167;0;86;0;128;109;80;116;36.8;0;0;309;285;209;194;170;0;0;0;130.9;115.3;106.1;118.7;15.7;0;0;9.75;10;10;10.1;10.16;0;0;0;10.2265625;10.57798165;13.2625;10.23275862;4.266304348;0;0
6404 - Kab. Kutai Timur;106;67;44;12;57;0;16;0;13;5.1;8.1;11;2.4;0;0;109;68;46;13;60;0;0;0;13;4.2;2;3.3;4;0;0;10.26;10.15;10.45;2.95;10.45;0;0;0;10;8.235294118;2.469135802;3;16.66666667;0;0
6405 - Kab. Berau;121;102;92;93;87;0;65;0;52;51;19;12.3;3.9;0;0;141;120;108;110;103;0;0;0;77.5;103.2;10.8;12.8;4;0;0;11.69;11.76;11.74;11.83;11.81;0;0;0;14.90384615;20.23529412;5.684210526;10.40650407;10.25641026;0;0
6409 - Kab. Penajam Paser Utara;22;17;4;10;0;0;1;0;0;0;1;0.3;0.4;0;0;24;19;4;11;0;0;0;0;0;0;1;0.3;0.4;0;0;10.95;11.18;10;11;0;0;0;0;0;0;10;10;10;0;0
6411 - Kab. Mahakam Hulu;0;0;0;0;3;0;0;0;3;0;0;0;0;0;0;0;0;0;0;3;0;0;0;3;0;0;0;0;0;0;0;0;0;0;11.61;0;0;0;10;0;0;0;0;0;0
6471 - Kota Balikpapan;0;0;0;0;0;0;0;0;0;0;0;0;0;0;0;0;0;0;0;0;0;0;0;0;0;0;0;0;0;0;0;0;0;0;0;0;0;0;0;0;0;0;0;0;0
6472 - Kota Samarinda;8;4;2;1;0;0;0;0;0;1;0;0;0;0;0;8;4;2;1;0;0;0;0;0;1;0;0;0;0;0;10.02;10;10;10;0;0;0;0;0;10;0;0;0;0;0
6474 - Kota Bontang;0;0;0;0;0;0;0;0;0;0;0;0;0;0;0;0;0;0;0;0;0;0;0;0;0;0;0;0;0;0;0;0;0;0;0;0;0;0;0;0;0;0;0;0;0
6501 - Kab. Malinau;0;0;0;6;4;9;18;3;1;0;0;1;0;0;0;0;0;0;6;1;9;18;0;1;0;0;1;0;0;0;0;0;0;10;2.54;10;10;0;10;0;0;10;0;0;0
6502 - Kab. Bulungan;0;0;0;34;106;88;18;54;57;9.5;11.7;3;0.6;0;0;0;0;0;34;106;88;18;0;129;10;13.4;68.2;0.8;0;0;0;0;0;10;9.96;10;10;0;22.63157895;10.52631579;11.45299145;227.3333333;13.33333333;0;0
6503 - Kab. Tana Tidung;0;0;0;2;1;0;0;2;0;1;2;0;0;0;0;0;0;0;2;1;0;0;0;0;1;1.2;0;0;0;0;0;0;0;10;10.02;0;0;0;0;10;6;0;0;0;0
6504 - Kab Nunukan;0;0;0;28;8;15;29;27;21;5;6;3;5;0;0;0;0;0;31;9;16;32;0;22;5;0.6;0.3;0.5;0;0;0;0;0;11.07142857;11;10.67;11.03;0;10.47619048;10;1;1;1;0;0
6571 - Kota Tarakan;0;0;0;0;0;0;0;0;0;0;0;0;0;0;0;0;0;0;0;0;0;0;0;0;0;0;0;0;0;0;0;0;0;0;0;0;0;0;0;0;0;0;0;0;0
7101 - Kab. Bolaang Mongondow;1116;684;906;635;0;716;716;0;201.3;86.3;30;67;134;0;0;1449;873;1167;823;0;815;0;0;245.6;101.3;35;85.2;170.8;0;0;12.99;12.76;12.88;12.92;0;11.4;0;0;12.20069548;11.73812283;12.77912949;14.04725408;12.74626866;0;0
7102 - Kab. Minahasa;9;19;21;43;0;11;11;0;0;0;0;0;8;0;0;11;24;23;52;0;14;0;0;0;0;0;0;9.6;0;0;12.55;12.63;10.95;12.09;0;12.7;0;0;0;0;12.35048908;14.29392184;12;0;0
7103 - Kab. Kepulauan Sangihe;0;0;12;2;0;2;2;0;0;0.5;0;0;0.7;0;0;0;0;12;0;0;2;0;0;0;1;0;0;0.7;0;0;0;0;10;0;0;10;0;0;0;20;13.12827935;13.80158379;10;0;0
7104 - Kab. Kepulauan Talaud;28;149;150;104;0;31;31;0;121;87;48;47;34;0;0;30;181;163;115;0;38;0;0;138.9;125;61;174.9;37.2;0;0;10.85;12.15;10.87;11.06;0;12.3;0;0;11.47933884;14.36781609;14.0811879;14.75603478;10.94117647;0;0
7105 - Kab. Minahasa Selatan;42;42;65;59;0;9;9;0;0;0;1.8;0;0;0;0;53;53;84;75;0;10;0;0;0;0;21.7;0;0;0;0;12.54;12.62;12.92;12.71;0;11.1;0;0;0;0;13.3245393;13.7684533;0;0;0
7106 - Kab. Minahasa Utara;200;107;212;157;0;0;0;0;2;0;12;6;0;0;0;230;133;275;202;0;0;0;0;1.6;0;16.2;17;0;0;0;11.52;12.43;12.97;12.87;0;0;0;0;8;0;12.90303147;12.08703251;0;0;0
7107 - Kab. Bolaang Mongondow Utara;125;261;104;77;0;42;42;0;26;29;31;11;16;0;0;158;339;128;97;0;52;0;0;27;29;18;5.5;12;0;0;12.63;12.99;12.31;12.6;0;12.4;0;0;10.38461538;10;13.20328742;13.92171951;7.5;0;0
7108 - Kab. Siau Tagulandang Biaro;0;0;0;0;0;0;0;0;0;0;0;0;0;0;0;0;0;0;0;0;0;0;0;0;0;0;0;0;0;0;0;0;0;0;0;0;0;0;0;0;12.33578667;14.0288;0;0;0
7109 - Kab. Minahasa Tenggara;125;36;22;42;0;9;9;0;57;31;10.6;48.5;50.7;0;0;165;47;28;54;0;11;0;0;54.9;31;8.2;39;52;0;0;13.16;13.06;12.73;12.86;0;12.2;0;0;9.631578947;10;13.24915295;13.70055905;10.25641026;0;0
7110 - Kab. Bolaang Mongondow Selatan;22;17;32;32;0;15;15;0;2;0;0;0;3;0;0;27;24;42;40;0;17;0;0;2;0;0;0;2;0;0;12.33;14.12;13.13;12.5;0;11.3;0;0;10;0;13.13643116;0;6.666666667;0;0
7111 - Kab. Bolaang Mongondow Timur;35;50;35;27;0;6;5;0;4.5;7.5;12.5;0.5;6.5;0;0;44;66;44;33;0;5;0;0;4.5;7.5;22.4;0.5;7.1;0;0;12.43;13.2;12.57;12.22;0;10;0;0;10;10;13.17456386;13.74929766;10.92307692;0;0
7171 - Kota Manado;0;0;0;0;0;0;0;0;0;0;1;0;0;0;0;0;0;0;0;0;0;0;0;0;0;0.7;0;0;0;0;0;0;0;0;0;0;0;0;0;0;13.08970874;14.05552527;0;0;0
7172 - Kota Bitung;0;41;37;21;0;5;5;0;0;3;3;2;0;0;0;0;51;47;26;0;5;0;0;0;3;2.3;2;0;0;0;0;12.44;12.7;12.38;0;10;0;0;0;10;13.15037004;13.52112585;0;0;0
7173 - Kota Tomohon;0;0;0;0;0;0;0;0;0;0;0;0.3;0;0;0;0;0;0;0;0;0;0;0;0;0;0;1;0;0;0;0;0;0;0;0;0;0;0;0;0;13.11617965;14.33224674;0;0;0
7174 - Kotamobagu;13;27;25;19;0;0;0;0;0;0;0;0;0;0;0;17;34;32;24;0;0;0;0;0;0;0;0;0;0;0;13.08;12.59;12.8;12.63;0;0;0;0;0;0;13.27406669;12.01230769;0;0;0
7201 - Kab. Banggai Kepulauan;6;3;0;1;0;3;1;2;4.5;0;4.2;3;0;0;0;5;2;0;1;0;2;0;2;4.5;0;4;2;0;0;0;8.03;6.67;0;7.13;0;7.36;0;7.36;0;0;0;0;0;0;0
7202 - Kab. Banggai;278;328;347;157;201;166;352;166;360;119;132.9;125.8;74.9;0;0;237;276;291;132;174;133;0;133;356.8;120;230.7;105;74.7;0;0;8.52;8.41;8.39;8.42;0;8.01;0;8.01;0;0;0;0;0;0;0
7203 - Kab. Morowali;43;69;107;93;34;39;45.9;39;44.8;61.4;73.4;57;43.5;0;0;35;57;89;76;28;31;0;31;45.3;61.1;51.2;76.2;40.5;0;0;8.05;8.26;8.32;8.21;0;8.02;0;8.02;0;0;0;0;0;0;0
7204 - Kab. Poso;89;61;66;66;27;17;19;17;35.8;21.9;30.5;24.9;29.2;0;0;71;53;57;57;23;14;0;14;35.5;21.9;21.7;17.1;27.4;0;0;8.01;8.69;8.64;8.57;0;8.24;0;8.24;0;0;0;0;0;0;0
7205 - Kab. Donggala;198;232;160;136;99;84;85;84;58.2;50.9;39.1;63.8;34.7;0;0;166;192;134;113;83;70;0;70;39.6;40.7;39.5;66.3;24;0;0;8.4;8.28;8.38;8.28;0;8.28;0;8.28;0;0;0;0;0;0;0
7206 - Kab. Toli-Toli;67;42;80;84;61;23;53.7;23;51;39;24;16;17.5;0;0;52;33;65;68;49;18;0;18;52;39;53;13.2;10.8;0;0;7.69;7.86;8.13;8.05;0;8.03;0;8.03;0;0;0;0;0;0;0
7207 - Kab. Buol;105;95;65;15;12;13;16;13;10;5;63;2;0;0;0;81;76;53;12;10;10;0;10;10.3;5;11.5;2;0;0;0;7.7;8;8.15;8.02;0;7.91;0;7.91;0;0;0;0;0;0;0
7208 - Kab. Parigi Moutong;198;242;202;112;214;137;66.5;137;60.7;72.7;51.1;64.8;52.2;0;0;172;215;183;102;199;122;0;122;43.5;62.1;35.3;45.6;35.7;0;0;8.68;8.88;9.06;9.07;0;8.9;0;8.9;0;0;0;0;0;0;0
7209 - Kab. Tojo Una-una;113;180;257;117;89;85;80;85;16;23.3;6.2;15.5;8.5;0;0;86;142;208;93;72;72;0;72;16;23.3;3.6;19.1;8.1;0;0;7.58;7.89;8;7.94;0;8.42;0;8.42;0;0;0;0;0;0;0
7210 - Kab. Sigi;62;283;321;228;93;194;219.6;194;46.8;69.1;24.5;11.2;0.5;0;0;50;231;265;186;77;154;0;154;48.1;78;26.2;12.5;0.2;0;0;8.12;8.16;8.26;8.16;0;7.95;0;7.95;0;0;0;0;0;0;0
7211 - Kab. Banggai Laut;0;0;0;0;1;2;0;2;0;0;1.2;0;0;0;0;0;0;0;0;1;1;0;1;0;0;0.3;0;0;0;0;0;0;0;0;0;7.19;0;7.19;0;0;0;0;0;0;0
7212 - Kab. Morowali Utara;0;0;0;0;8;1;5;1;10.5;6.5;3.5;2;3;0;0;0;0;0;0;7;1;0;1;10.5;6.5;4;1;3;0;0;0;0;0;0;0;8.72;0;8.72;0;0;0;0;0;0;0
7271 - Kota Palu;95;42;34;0;0;0;0;0;0;0;0;0;0;0;0;77;34;28;0;0;0;0;0;0;0;0;0;0;0;0;8.07;8.1;8.24;0;0;0;0;0;0;0;0;0;0;0;0
7301 - Kab. Kepulauan Selayar;531;232;226;193;144;163;471;377;283;358;278;847.7;278.8;0;0;745;348;294;250;189;187;797.1953;491.0485;343.4;379;312.7;1395.7;444.6;0;0;14.04;14.99;13.01;12.95;13.09811728;11.48976687;16.92559023;13.02515915;0;0;0;0;0;0;0
7302 - Kab. Bulukumba;147;844;390;643;847;2434;81.4;797.8;795.2;337.5;639.1;88.3;346.4;0;0;179;1040;543;911;1119;3491;124.72108;1308.36943;834;353;1240.8;135.7;487.9;0;0;12.21;12.33;13.92;14.17;13.21499115;14.34223829;15.322;16.3997171;0;0;0;0;0;0;0
7303 - Kab. Bantaeng;19;77;102;137;25;5;76.7;25.9;0;6.7;333.7;91.5;37.4;0;0;28;103;144;196;0;6;88.6681;37.853;0;7;425;113.8;47.5;0;0;14.96;13.35;14.12;14.31;0;11.808;11.5603781;14.61505792;0;0;0;0;0;0;0
7304 - Kab. Jeneponto;4984;5552;3487;3087;3578;3326;3541.7;2530;869;1302;2326.3;2257.3;747.4;0;0;6113;7545;4169;3524;5226;4019;4559.238918;3429.181342;869;1312;2167;2289;735;0;0;12.27;13.59;11.96;11.42;14.60731699;12.08399339;12.87302402;13.55407645;0;0;0;0;0;0;0
7305 - Kab. Takalar;608;1421;1350;736;1174;2211;1233.5;1804.6;1152.3;632.8;1109.1;934.4;165.5;0;0;684;1546;1788;676;1637;3104;1353.35074;2740.84501;1110;426;3535.9;1194.6;159.1;0;0;11.24;10.88;13.24;9.18;13.94784789;14.03809756;10.97163146;15.18810268;0;0;0;0;0;0;0
7306 - Kab. Gowa;1265;4909;3911;3013;2841;4316;5522.4;3880.7;2185.5;2292.7;846.8;422.6;237.2;0;0;1667;6514;5608;4310;3816;5805;6848.01848;5987.169947;2923;2316;1244.3;646;363;0;0;13.18;13.27;14.34;14.3;13.43189462;13.44891566;12.40043908;15.42806696;0;0;0;0;0;0;0
7307 - Kab. Sinjai;0;0;0;0;0;0;0;0;0;0;0;0;0;0;0;0;0;0;0;0;0;0;0;0;0;0;0;0;0;0;0;0;0;0;0;0;0;0;0;0;0;0;0;0;0
7308 - Kab. Maros;138;565;383;410;486;525;534.8;327.3;379.6;215.2;344.3;27.9;9.7;0;0;211;824;447;486;585;674;670.893146;386.2655387;397.5;162;73.5;7.9;4.7;0;0;15.27;14.59;11.67;11.85;12.04494494;12.83398095;12.54474843;11.80157466;0;0;0;0;0;0;0
7309 - Kab. Pangkajene dan Kepulauan;96;197;204;224;281;264;609.4;280.5;162.7;284.3;296.8;345.5;284.2;0;0;138;284;252;285;411;350;727.23537;431.4;166;292;350;356;339;0;0;14.35;14.39;12.35;12.72;14.61394738;13.25590909;11.93362931;15.37967914;0;0;0;0;0;0;0
7310 - Kab. Barru;28;59;31;6;14;8;14.5;35.7;15.4;42.7;23.4;25.2;15.7;0;0;42;77;38;8;18;11;20.14948;40.81239658;16;44;21.2;20.9;19;0;0;15.03;13.03;12.26;13.33;12.87183971;14.02331652;13.8961931;11.43204386;0;0;0;0;0;0;0
7311 - Kab. Bone;2833;6426;3173;1466;4072;1041;1174.5;623.6;1124.4;483.5;515.5;722.7;122.6;0;0;3615;9153;4510;2021;5497;1302;1086.176442;888.989426;1098;523;825;873;51;0;0;12.76;14.24;14.21;13.79;13.49949052;12.50968108;9.24799014;14.25576373;0;0;0;0;0;0;0
7312 - Kab. Soppeng;155;1032;204;429;509;238;107.7;28.4;134.1;37.4;34.9;126.5;82;0;0;259;1794;272;545;676;329;100.85784;42.27941738;135.7;37.8;65.4;119.3;107.4;0;0;16.69;17.38;13.33;12.7;13.28304074;13.80377433;9.36470195;14.8871188;0;0;0;0;0;0;0
7313 - Kab. Wajo;9541;8966;3013;3267;5903;16624;16726.7;3273.5;3917.9;2017.5;3186.8;1306.9;996.8;0;0;11843;10829;3648;3987;7745;20824;16714.49127;4573.619059;4134.7;3597.8;3213.7;1603;1146.1;0;0;12.41;12.08;12.11;12.2;13.1203788;12.52657218;9.992701053;13.97164826;0;0;0;0;0;0;0
7314 - Kab. Sidenreng Rappang;150;102;87;28;29;251;108.2;13;28.6;7;10;7;0;0;0;237;169;141;45;38;356;100.565308;15.02960437;219;1;8;4;0;0;0;15.78;16.6;16.21;16.07;13.08326451;14.1842749;9.294390758;11.56123413;0;0;0;0;0;0;0
7315 - Kab. Pinrang;83;90;146;67;69;43;29;9;9;8;9;12.8;5;0;0;124;120;197;100;112;63;37.552;11.15141475;9;8;6;16.6;10;0;0;14.97;13.38;13.49;14.93;16.2568048;14.70534884;12.94896552;12.39046084;0;0;0;0;0;0;0
7316 - Kab. Enrekang;41;35;57;50;26;26;16;10;25;10;2;1;6;0;0;53;45;74;67;33;33;13.4155;6.0099;25;10;1;1;6;0;0;12.92;12.72;12.98;13.4;12.80691862;12.51269231;8.3846875;6.0099;0;0;0;0;0;0;0
7317 - Kab. Luwu;168;292;127;224;144;35;35;38.2;61.5;56.9;34.5;14.5;1.5;0;0;242;372;170;309;196;50;34.4243;47.33536283;48.3;38.2;48.1;6.3;1.2;0;0;14.41;12.74;13.39;13.79;13.62303436;14.242;9.835514286;12.39145624;0;0;0;0;0;0;0
7318 - Kab. Tana Toraja;6;13;1;0;0;0;2;0;0;0;0;0;0;0;0;7;14;1;0;0;0;2.464;0;0;0;0;0;0;0;0;11;11;10;0;0;0;12.32;0;0;0;0;0;0;0;0
7322 - Kab. Luwu Utara;164;210;208;206;157;106;109.8;11.6;73.2;36.8;26;39.2;30;0;0;202;250;282;274;265;136;124.3044;15.69568;68.2;37.2;21.8;69.4;48.9;0;0;12.3;11.92;13.56;13.3;16.87969299;12.87198113;11.32098361;13.53075862;0;0;0;0;0;0;0
7325 - Kab. Luwu Timur;29;42;19;13;7;19;3;5;1;1;0;1;1;0;0;40;48;20;15;11;27;3.6468;4.12233;1;1;0;0.6;1;0;0;13.8;11.39;10.53;11.54;15.37205714;13.97694737;12.156;8.24466;0;0;0;0;0;0;0
7326 - Kab. Toraja Utara;0;0;0;9;1;0;0;0;0;0;0;0;0;0;0;0;0;0;12;2;0;0;0;0;0;0;0;0;0;0;0;0;0;13.33;15.3234;0;0;0;0;0;0;0;0;0;0
7371 - Kota Makassar;8;9;11;7;1;9;15.7;6.7;11.5;9.6;18.4;5.4;9.6;0;0;10;11;14;8;1;11;17.2307793;8.0339;12;10;28.2;8;12;0;0;12.45;13;12.73;11.43;8.412;11.98;10.97501866;11.99089552;0;0;0;0;0;0;0
7372 - Kota Pare-Pare;15;4;13;9;7;9;22;9;10;7;5;9;0;0;0;18;5;12;12;8;10;36.5716;10.62;16.3;3.5;1.2;5.5;0;0;0;11.85;12;9.23;11.43;10.81844898;11.08275556;16.62345455;11.8;0;0;0;0;0;0;0
7373 - Kota Palopo;0;2;0;2;0;0;0;0;0;0;0;0;0;0;0;0;2;0;2;0;0;0;0;0;0;0;0;0;0;0;0;11;0;10;0;0;0;0;0;0;0;0;0;0;0
7401 - Kab. Buton;98;12;87;123;31;79;117;0;67;33;58;29;19;0;0;78;10;71;99;25;64;0;0;27.8;32;88.5;27.1;18.4;0;0;8.01;8.04;8.12;8.02;8.06;8.06;0;0;4.149253731;9.696969697;15.25862069;9.344827586;9.684210526;0;0
7402 - Kab. Muna;145;152;121;90;102;57;99;0;48;22;25;12;17;0;0;117;122;98;73;83;46;0;0;35;23;50.6;7.2;13.7;0;0;8.06;8.04;8.1;8.13;8.14;8.12;0;0;7.291666667;10.45454545;20.24;6;8.058823529;0;0
7403 - Kab. Konawe;111;155;116;104;86;124;84;0;87.5;110.9;61;33;29.5;0;0;90;125;94;84;70;100;0;0;87.5;120;58.7;33.5;37.1;0;0;8.1;8.04;8.12;8.06;8.14;8.09;0;0;10;10.82055906;9.62295082;10.15151515;12.57627119;0;0
7404 - Kab. Kolaka;225;402;322;119;29;56;64;0;30.3;27;17.2;100;44.5;0;0;183;322;261;97;23;44;0;0;30.3;27;15.9;91.9;25.1;0;0;8.12;8.04;8.1;8.12;7.93;8;0;0;10;10;9.244186047;9.19;5.640449438;0;0
7405 - Kab. Konawe Selatan;213;236;161;140;185;148;186.1;0;192.3;101.7;109.6;40.4;46.1;0;0;172;190;131;113;149;118;0;0;270;79.9;26.9;30.8;43.5;0;0;8.06;8.04;8.15;8.1;8.05;7.99;0;0;14.04056162;7.856440511;2.454379562;7.623762376;9.436008677;0;0
7406 - Kab. Bombana;67;46;60;73;45;51;26.8;0;6;21;10;31;12;0;0;54;38;48;60;37;42;0;0;6;21;16;31.8;13.3;0;0;8.03;8.04;8.07;8.21;8.29;8.21;0;0;10;10;16;10.25806452;11.08333333;0;0
7407 - Kab. Wakatobi;0;0;0;0;0;5;0;0;0;0;0;0;0;0;0;0;0;0;0;0;4;0;0;0;0;0;0;0;0;0;0;0;0;0;0;0;0;0;0;0;0;0;0;0;0
7408 - Kab. Kolaka Utara;34;94;147;73;30;59;9.9;0;1;2;1;2;1;0;0;27;76;119;59;24;47;0;0;1;2;1;2;1;0;0;7.98;8.04;8.07;8.12;8;7.89;0;0;10;10;10;10;10;0;0
7409 - Kab. Buton Utara;10;13;129;100;33;89;203.8;0;18;69;72;35;23;0;0;8;10;105;81;26;70;0;0;18;69;45.5;20;17.9;0;0;8.12;8.04;8.12;8.07;7.88;7.84;0;0;10;10;6.319444444;5.714285714;7.782608696;0;0
7410 - Kab. Konawe Utara;209;773;172;427;866;561;343;0;84.5;111.5;71;38.5;23.5;0;0;167;621;141;342;699;454;0;0;73.2;111.5;74.7;32.8;18.5;0;0;7.98;8.04;8.19;8.02;8.07;8.09;0;0;8.662721893;10;10.52112676;8.519480519;7.872340426;0;0
7411 - Kab. Kolaka Timur;0;0;0;83;65;55;15.5;0;25.1;18;39;18;16;0;0;0;0;0;67;53;44;0;0;25.8;18;32.1;9.9;6.9;0;0;0;0;0;8.12;8.15;8;0;0;10.27888446;10;8.230769231;5.5;4.3125;0;0
7412 - Kab. Konawe Kepulauan;0;0;0;9;4;0;86.6;0;36.7;3;65.5;0;4.5;0;0;0;0;0;7;3;0;0;0;37.5;3;384.5;0;5.8;0;0;0;0;0;0;7.5;0;0;0;10.21798365;10;58.70229008;0;12.88888889;0;0
7413 - Kab. Muna Barat;0;0;0;0;0;0;5;0;6;10;3.9;4;14;0;0;0;0;0;0;0;0;0;0;5.6;15;4.1;7;9;0;0;0;0;0;0;0;0;0;0;9.333333333;15;10.51282051;17.5;6.428571429;0;0
7414 - Kab. Buton Tengah;0;0;0;0;0;0;0;0;0;0;0;0;0;0;0;0;0;0;0;0;0;0;0;0;0;0;0;0;0;0;0;0;0;0;0;0;0;0;0;0;0;0;0;0;0
7415 - Kab. Buton Selatan;0;0;0;0;0;0;8;0;9;7;5;2;3;0;0;0;0;0;0;0;0;0;0;9;2;2;2;3;0;0;0;0;0;0;0;0;0;0;10;2.857142857;4;10;10;0;0
7471 - Kota Kendari;5;14;8;0;0;0;3;0;0;0;8;0;0.5;0;0;4;11;6;0;0;0;0;0;0;0;2.9;0;1;0;0;7.94;8.04;7.97;0;0;0;0;0;0;0;3.625;0;20;0;0
7472 - Kota Bau Bau;2;2;2;1;0;3;8;0;1;6;2;0;1;0;0;2;2;2;1;0;2;0;0;1;6;1;0;0.9;0;0;7.96;8.04;8;8.27;0;0;0;0;10;10;5;0;9;0;0
7501 - Kab. Boalemo;78;57;19;19;24;16;16;7;0;0;1;0;0;0;0;0;0;24;25;32;36;0;10;0;0;1;0;0;0;0;0;0;12.63;13.16;13.52;120;0;13.61;0;0;0;0;0;0;0
7502 - Kab. Gorontalo;214;59;38;16;19;4;4;1;0;23;0;0;0;0;0;0;0;49;21;25;0;0;1;0;23;0;0;0;0;0;0;0;12.89;13.13;13.33;0;0;13.75;0;0;0;0;0;0;0
7503 - Kab. Pohuwato;114;26;45;73;38;6;6;7;6;12.8;11;13;15;0;0;0;0;58;96;52;0;0;9;6;13;8;16.5;12.8;0;0;0;0;12.89;13.15;13.55;0;0;13.23;0;0;0;0;0;0;0
7504 - Kab. Bone Bolango;118;8;9;1;5;0;0;0;0;0;0;1;2;0;0;0;0;12;1;7;0;0;0;0;0;0;1;1.5;0;0;0;0;13.33;10;13.25;0;0;0;0;0;0;0;0;0;0
7505 - Kab. Gorontalo Utara;54;22;43;30;12;74;74;2;2;0;0;2;0;0;0;0;0;55;39;15;60;0;3;2;0;0;2;0;0;0;0;0;12.79;13;12.69;120;0;13.75;0;0;0;0;0;0;0
7571 - Kota Gorontalo;36;0;0;0;0;0;0;0;0;0;0;0;0;0;0;0;0;0;0;0;0;0;0;0;0;0;0;0;0;0;0;0;0;0;0;0;0;0;0;0;0;0;0;0;0
7601 - Kab. Majene;268;117;179;135;99;108;80;51;52;70;158.8;153;139;0;0;369;159;246;0;136;148;110;69;57;70;116.8;164;163.7;0;0;13.77;13.59;13.76;0;41;13.7;13.75;13.53;0;0;0;0;0;0;0
7602 - Kab. Polewali Mandar;164;156;270;164;24;51;51;354;133.3;157.5;273.9;211.7;175.7;0;0;223;216;377;0;32;70;70;472;134;158.8;181.2;71;138;0;0;13.6;13.85;13.95;0;13.33;13.73;13.75;13.32;0;0;0;0;0;0;0
7603 - Kab. Mamasa;10;3;7;0;4;0;0;0;0;0;0;0;0;0;0;13;4;10;0;5;0;0;0;0;0;0;0;0;0;0;13;13.33;13.92;0;12.5;0;0;0;0;0;0;0;0;0;0
7604 - Kab. Mamuju;146;230;201;136;54;36;29;54;65;2;0;0;6;0;0;199;308;272;0;73;50;39;74;65;2;0;0;5;0;0;13.63;13.39;13.55;0;13.52;13.89;13.45;13.7;0;0;0;0;0;0;0
7605 - Kab. Mamuju Utara/Kab. Pasangkayu;26;20;19;17;33;13;52;12;18.5;15;24;35.9;16;0;0;35;27;25;0;45;18;68;17;18.5;0;0;20.7;7.8;0;0;13.46;13.5;13.29;0;13.64;13.85;13.2;14.17;0;0;0;0;0;0;0
7606 - Kab. Mamuju Tengah;0;0;0;0;55;56;41;52;36;11;9;8;4.5;0;0;0;0;0;0;75;74;55;69;34.8;11;12;14.9;5;0;0;0;0;0;0;13.64;13.21;13.41;13.4;0;0;0;0;0;0;0
8101 - Kab. Maluku Tenggara Barat;925;383;250;313;268;329;214;0;424;237;422;456;152.1;0;0;0;0;0;0;284;327;0;0;424;237;330.2;328.9;13;0;0;0;0;0;0;10.61;0;0;0;0;0;0;0;0;0;0
8102 - Kab. Maluku Tenggara;18;20;30;65;29;36;51;0;7;21;32;19;16;0;0;0;0;0;0;31;38;0;0;7;21;96;5.7;24;0;0;0;0;0;0;10.61;0;0;0;0;0;0;0;0;0;0
8103 - Kab. Maluku Tengah;15;13;24;37;27;43;50;0;40;35;42;20;11;0;0;0;0;0;0;29;45;0;0;62.2;56.1;51.3;15.3;18;0;0;0;0;0;0;10.57;0;0;0;0;0;0;0;0;0;0
8104 - Kab. Buru;41;41;91;64;39;2;13;0;1;4;11.5;10.5;3.5;0;0;0;0;0;0;41;2;0;0;1;4;12.1;5.8;1.5;0;0;0;0;0;0;10.58;0;0;0;0;0;0;0;0;0;0
8105 - Kab. Kepulauan Aru;99;51;11;1;0;0;0;0;0;0;0;0;0;0;0;0;0;0;0;0;0;0;0;0;0;0;0;0;0;0;0;0;0;0;0;0;0;0;0;0;0;0;0;0;0
8106 - Kab. Seram Bagian Barat;54;59;13;3;3;0;0;0;0.2;14;4;4;2;0;0;0;0;0;0;3;0;0;0;0.2;14;28;13;1;0;0;0;0;0;0;10.56;0;0;0;0;0;0;0;0;0;0
8107 - Kab. Seram Bagian Timur;16;17;51;12;9;9;0;0;11;21;0;0;0;0;0;0;0;0;0;10;10;0;0;11;21;0;0;0;0;0;0;0;0;0;10.6;0;0;0;0;0;0;0;0;0;0
8108 - Kab. Maluku Barat Daya;43;48;126;307;334;170;126.5;0;93;125.5;86.5;93;104;0;0;0;0;0;0;352;183;0;0;81.5;125.5;72.3;79.2;105.4;0;0;0;0;0;0;10.53;0;0;0;0;0;0;0;0;0;0
8109 - Kab. Buru Selatan;15;11;31;7;36;48;37;0;2;3;2;0;2;0;0;0;0;0;0;38;50;0;0;2;3;2;0;2;0;0;0;0;0;0;10.59;0;0;0;0;0;0;0;0;0;0
8171 - Kota Ambon;0;0;0;0;0;0;0;0;0;0;0;0;0;0;0;0;0;0;0;0;0;0;0;0;0;0;0;0;0;0;0;0;0;0;0;0;0;0;0;0;0;0;0;0;0
8172 - Kota Tual;15;15;11;32;9;6;3;0;2;0;1;1;0;0;0;0;0;0;0;10;6;0;0;2;0;4;0.3;0;0;0;0;0;0;0;10.56;0;0;0;0;0;0;0;0;0;0
8201 - Kab. Halmahera Barat;18;13;16;20;12;7;23;35.9;19;16;1;0;0;0;0;20;13;20;30;18;8;0;17.8;27;16;1.5;0;0;0;0;11.11;10;12.5;0;15;11.43;0;4.96;0;0;0;0;0;0;0
8202 - Kab. Halmahera Tengah;61;54;41;30;15;39;0;0;0;0;5;0;0;0;0;67;60;53;39;29;51;0;0;0;0;5;0;0;0;0;10.98;11.11;12.93;0;19.33;13.08;0;0;0;0;0;0;0;0;0
8203 - Kab. Kepulauan Sula;0;0;0;0;6;40;0;0;0;0;0;0;0;0;0;0;0;0;0;12;52;0;0;0;0;0;0;0;0;0;0;0;0;0;20;13;0;0;0;0;0;0;0;0;0
8204 - Kab. Halmahera Selatan;63;54;53;39;40;194;300;122;130;157;228;243;233;0;0;69;60;55;49;28;221;0;0;130;157;228;241;234;0;0;10.95;11.11;10.38;0;7;11.39;0;0;0;0;0;0;0;0;0
8205 - Kab. Halmahera Utara;37;34;51;62;221;213;108;124;117;1;0;135;212;0;0;41;38;34;70;279;249;0;333;123;5;0;193;1124;0;0;11.08;11.18;6.67;0;12.62;11.39;0;26.85;0;0;0;0;0;0;0
8206 - Kab. Halmahera Timur;93;92;90;127;180;115;122;50;15;9;21;25;27;0;0;102;102;113;136;160;151;0;0;15;9;21;181;111;0;0;10.97;11.09;12.56;0;8.89;13.13;0;0;0;0;0;0;0;0;0
8207 - Kab. Pulau Morotai;0;0;0;0;18;0;0;0;0;0;0;0;0;0;0;0;0;0;0;20;0;0;0;0;0;0;0;0;0;0;0;0;0;0;11.11;0;0;0;0;0;0;0;0;0;0
8208 - Kab. Pulau Taliabu;0;0;0;0;0;0;3;3;2;0;0;0;0;0;0;0;0;0;0;0;0;0;3;2;0;0;0;0;0;0;0;0;0;0;0;0;0;10;0;0;0;0;0;0;0
8271 - Kota Ternate;0;0;0;0;0;0;0;0;0;1;0;0.7;0;0;0;0;0;0;0;0;0;0;0;0;1;0;1;0;0;0;0;0;0;0;0;0;0;0;0;0;0;0;0;0;0
8272 - Kota Tidore Kepulauan;0;0;0;0;0;0;0;0;0;0;6;0;0;0;0;0;0;0;0;0;0;0;0;0;0;3;0;0;0;0;0;0;0;0;0;0;0;0;0;0;0;0;0;0;0
9101 - Kab. Fak-Fak;0;0;0;0;0;0;0;0;0;0;0;1;0;0;0;0;0;0;0;0;0;0;0;0;0;0;1;0;0;0;0;0;0;0;0;0;0;0;0;0;0;0;0;0;0
9102 - Kab. Kaimana;0;0;15;0;0;2;0;0;0;0.5;0;0.5;0;0;0;0;0;17;0;0;2;0;0;0;0.5;0;0.5;0;0;0;0;0;11.37;0;0;10;0;0;0;0;0;0;0;0;0
9103 - Kab. Teluk Wondama;5;31;7;2;2;6;0;0;0;0;0;0;0;0;0;4;30;8;2;2;6;0;0;0;0;0;0;0;0;0;8.74;9.72;11.09;10.3;11.75;11;0;0;0;0;0;0;0;0;0
9104 - Kab. Teluk Bintuni;1;0;26;4;12;8;0;1;0;1;0;0;0;0;0;1;0;29;5;14;7;0;1;0;1;0;0;0;0;0;10.8;0;10.97;11.28;11.29;9;0;10;0;0;0;0;0;0;0
9105 - Kab. Manokwari;65;78;52;19;19;17;0;14;9;16;6;0;0;0;0;69;83;57;20;20;16;0;16;7.4;18.6;5;0;0;0;0;10.57;10.62;10.93;10.66;10.7;9;0;11.43;0;0;0;0;0;0;0
9106 - Kab. Sorong Selatan;45;61;4;8;19;7;0;5;0;14;0;1;3;0;0;46;63;4;8;17;6;0;5;0;14;0;1;15;0;0;10.32;10.4;11.23;9.89;9.03;9;0;10;0;0;0;0;0;0;0
9107 - Kab. Sorong;92;43;47;63;40;22;0;22;12;20;20;0;0;0;0;96;45;52;70;42;23;0;21;12;20;20;0;0;0;0;10.39;10.42;10.97;10.1;10.56;11;0;9.55;0;0;0;0;0;0;0
9108 - Kab. Raja Ampat;30;44;5;1;1;0;0;0;0;0;0;0;0;0;0;29;43;6;1;1;0;0;0;0;0;0;0;0;0;0;9.56;9.79;11.26;11;8.9;0;0;0;0;0;0;0;0;0;0
9109 - Kab. Tambrauw;0;0;0;32;19;3;0;0;0;0;0;0;0;0;0;0;0;0;34.05;19;3;0;0;0;0;0;0;0;0;0;0;0;0;10.64;10.12;10;0;0;0;0;0;0;0;0;0
9110 - Kab. Maybrat;0;0;22;44;55;29;0;36;11;0;0;0;0;0;0;0;0;24;47;57;33;0;36;22;0;0;0;0;0;0;0;0;10.85;10.6;10.32;11;0;10;0;0;0;0;0;0;0
9111 - Kab. Manokwari Selatan;0;0;0;0;0;18;0;0;1;4;0;0;0;0;0;0;0;0;0;0;20;0;0;1;4;0;0;0;0;0;0;0;0;0;0;11;0;0;0;0;0;0;0;0;0
9112 - Kab. Pegunungan Arfak;0;0;0;0;0;0;0;0;0;0;0;0;0;0;0;0;0;0;0;0;0;0;0;0;0;0;0;0;0;0;0;0;0;0;0;0;0;0;0;0;0;0;0;0;0
9171 - Kota. Sorong;0;0;0;0;0;0;0;0;0;0;0;0;0;0;0;0;0;0;0;0;0;0;0;0;0;0;0;0;0;0;0;0;0;0;0;0;0;0;0;0;0;0;0;0;0
9401 - Kab. Merauke;18;47;75;75;50;82;103;40;45.2;15;15;44.6;70.5;0;0;92;48;79;79;53;88.25;88.25;42.01;62.5;15;11.2;90.9;132.9;0;0;11.11;10.3;10.53;10.53;10.63;10.76;10.76;10.5025;0;0;0;0;0;0;0
9402 - Kab. Jayawijaya;61;74;34;0;0;0;0;0.3;0.3;0;0.3;0;0;0;0;66;76;35;0;0;0;0;0.3657;0.3;0;0;0;0;0;0;10.98;10.3;10.29;0;0;0;0;12.19;0;0;0;0;0;0;0
9403 - Kab. Jayapura;0;87;33;20;33;15;23;19;22;8;45;10.7;20.5;0;0;135;93;35;21;36;16.53;16.53;22.247;23;8;37.9;28;1159;0;0;0;10.66;10.61;10.53;10.98;11.02;11.02;11.70894737;0;0;0;0;0;0;0
9404 - Kab.Nabire;0;117;87;92;46;73;23.5;28.5;46.5;99.9;57.5;27;37;0;0;120;119;76;95;49;79.39;79.39;32.8355;46.5;99.9;57.5;27;37;0;0;0;10.19;8.74;10.36;10.59;10.88;10.88;11.52122807;0;0;0;0;0;0;0
9408 - Kab. Kepulauan Yapen;63;47;49;72;20;7;0;1;0;0;0;0;0;0;0;72;49;31;76;21;7.84;7.84;1.119;0;0;0;0;0;0;0;10.95;10.47;6.33;10.5;10.43;11.19;11.09;11.19;0;0;0;0;0;0;0
9409 - Kab. Biak Numfor;0;20;67;103;38;89;40;54;7;0;0;0;5;0;0;14;19;0;117;42;97.09;97.09;59.474;7;0;0;0;9;0;0;0;9.52;0;11.37;11.13;10.91;10.91;11.0137037;0;0;0;0;0;0;0
9410 - Kab. Paniai;0;0;36;10;0;0;0;0;0;0;0;0;0;0;0;0;0;90;11;0;0;0;0;0;0;0;0;0;0;0;0;0;25;10.77;0;0;0;0;0;0;0;0;0;0;0
9411 - Kab. Puncak Jaya;0;0;29;7;0;0;0;0;0;0;0;0;0;0;0;0;0;51;7;0;0;0;0;0;0;0;0;0;0;0;0;0;17.59;10.69;0;0;0;0;0;0;0;0;0;0;0
9412 - Kab. Mimika;0;0;0;0;0;0;0;0;0;0;0;0;0;0;0;0;0;39;0;0;0;0;0;0;0;0;0;0;0;0;0;0;0;0;0;0;0;0;0;0;0;0;0;0;0
9413 - Kab. Boven Digoel;0;0;0;0;0;0;5;7;0;0;7;0;0;0;0;0;0;0;0;0;0;0;7.891;0;0;0;0;0;0;0;0;0;0;0;0;0;0;11.27285714;0;0;0;0;0;0;0
9414 - Kab. Mappi;0;44;17;9;0;0;0;0;0;0;0;0;0;0;0;28;47;18;10;0;0;0;0;0;0;0;0;0;0;0;0;10.61;10.59;10.6;0;0;0;0;0;0;0;0;0;0;0
9415 - Kab. Asmat;0;0;16;0;0;0;0;6.2;0;0;5.5;0;0;0;0;0;0;16;0;0;0;0;7.408;0;0;0;0;0;0;0;0;0;10;0;0;0;0;11.9483871;0;0;0;0;0;0;0
9416 - Kab. Yahukimo;0;9;31;24;24;4;2;0;0;0;0;0;0;0;0;11;10;32;25;25;4.43;4.43;0;0;0;0;0;0;0;0;0;10.95;10.32;10.34;10.57;11.08;11.08;0;0;0;0;0;0;0;0
9417 - Kab. Peg. Bintang;0;10;34;21;0;91;23;4;0;0;4;0;0;0;0;8;11;34;21;0;100.4;100.4;4.876;0;0;0;0;0;0;0;0;10.78;10;10.19;0;11.03;11.03;12.19;0;0;0;0;0;0;0
9418 - Kab. Tolikara;0;0;23;11;0;26;22;7;0;0;0;0;0;0;0;0;0;24;12;0;27.64;27.64;8.533;0;0;0;0;0;0;0;0;0;10.43;10.45;0;10.63;10.63;12.19;0;0;0;0;0;0;0
9419 - Kab. Sarmi;0;49;24;16;23;15;0;5;0;0;5;0;0;0;0;56;52;25;17;26;17.05;17.05;5.595;0;0;0;0;0;0;0;0;10.67;10.42;10.61;11.1;11.37;11.37;11.19;0;0;0;0;0;0;0
9420 - Kab. Keerom;0;107;87;120;52;10;6;32;32;0;32;0;0;0;0;93;111;88;124;57;10.7;10.7;35.938;32;0;0;0;0;0;0;0;10.34;10.11;10.35;10.93;10.7;10.7;11.230625;0;0;0;0;0;0;0
9426 - Kab. Waropen;0;70;34;55;0;15;0;0;0;0;0;0;0;0;0;76;77;33;53;0;16.51;16.51;0;0;0;0;0;0;0;0;0;10.01;9.71;9.66;0;11;11;0;0;0;0;0;0;0;0
9427 - Kab. Supiori;0;0;0;0;0;0;0;0;0;0;0;0;5;0;0;0;0;0;0;0;0;0;0;0;0;0;0;2.9;0;0;0;0;0;0;0;0;0;0;0;0;0;0;0;0;0
9428 - Kab.Mamberamo Raya;0;0;0;0;0;0;0;0;0;0;0;0;0;0;0;0;0;0;0;0;0;0;0;0;0;0;0;0;0;0;0;0;0;0;0;0;0;0;0;0;0;0;0;0;0
9429 - Kab. Nduga;0;0;0;0;0;0;0;0;0;0;0;0;0;0;0;0;0;0;0;0;0;0;0;0;0;0;0;0;0;0;0;0;0;0;0;0;0;0;0;0;0;0;0;0;0
9430 - Kab. Lanny Jaya;0;0;0;0;0;0;0;0;0;475.9;0;0;0;0;0;0;0;0;0;0;0;0;0;0;24;0;0;0;0;0;0;0;0;0;0;0;0;0;0;0;0;0;0;0;0
9431 - Kab. Mamberamo Tengah;0;0;0;0;0;0;0;0;0;0;0;0;0;0;0;0;0;0;0;0;0;0;0;0;0;0;0;0;0;0;0;0;0;0;0;0;0;0;0;0;0;0;0;0;0
9432 - Kab. Yalimo;0;0;0;0;0;0;0;0;0;0;0;0;0;0;0;0;0;0;0;0;0;0;0;0;0;0;0;0;0;0;0;0;0;0;0;0;0;0;0;0;0;0;0;0;0
9433 - Kab. Puncak;0;0;0;0;0;0;0;0;0;0;0;0;0;0;0;0;0;0;0;0;0;0;0;0;0;0;0;0;0;0;0;0;0;0;0;0;0;0;0;0;0;0;0;0;0
9434 - Kab. Dogiyai;0;0;0;0;0;0;0;0;0;0;0;0;0;0;0;0;0;0;0;0;0;0;0;0;0;0;0;0;0;0;0;0;0;0;0;0;0;0;0;0;0;0;0;0;0
9435 - Kab. Intan Jaya;0;0;0;0;0;0;0;0;0;0;0;0;0;0;0;0;0;0;0;0;0;0;0;0;0;0;0;0;0;0;0;0;0;0;0;0;0;0;0;0;0;0;0;0;0
9436 - Kab. Deiyai;0;0;0;0;0;0;0;0;0;0;0;0;0;0;0;0;0;0;0;0;0;0;0;0;0;0;0;0;0;0;0;0;0;0;0;0;0;0;0;0;0;0;0;0;0
9437 - Kab. Yapen Waropen;0;0;0;0;0;0;0;0;0;0;0;0;0;0;0;0;0;0;0;0;0;0;0;0;0;0;0;0;0;0;0;0;0;0;0;0;0;0;0;0;0;0;0;0;0
9471 - Kota Jayapura;0;46;131;14;23;2;0;15;51;25.8;18.6;0;4.9;0;0;29;50;133;14;25;2.27;2.27;16.671;40.3;25.8;18.1;0;155;0;0;0;10.86;10.15;10.19;10.87;11.37;11.37;11.114;0;0;0;0;0;0;0
